idx,label,sw_pred_ttfs,sw_pred_count,sw_direct_count_pred,direct_count_pred_match,direct_count_score_pred_match,direct_count_vector_match,sw_ct_pruned_pred,sw_ct_count_score_pred,sw_ct_source_fire_count,sw_ct_valid_event_budget,sw_hwct_pruned_pred,sw_hwct_count_score_pred,sw_hwct_source_fire_count,sw_hwct_valid_event_budget,hw_pred,hw_pred_score,hw_pred_count,hw_pred_count_raw,hw_pred_count_score,hw_pred_s2mm,hw_pred_rtl_first_classifier,hw_matches_sw_ct_pruned,hw_matches_sw_ct_count_score,hw_matches_sw_hwct_count_score,profile_incomplete,sw_direct_class_0_count,sw_ct_class_0_count,hw_class_0_count,hw_minus_sw_direct_class_0_count,sw_ct_class_0_score,sw_hwct_class_0_count,sw_hwct_class_0_score,sw_hwct_class_0_event_count,hw_class_0_score,sw_ct_class_0_event_count,hw_class_0_event_count,router_class_0_score,router_class_0_event_count,top_class_0_score,top_class_0_event_count,sw_direct_class_1_count,sw_ct_class_1_count,hw_class_1_count,hw_minus_sw_direct_class_1_count,sw_ct_class_1_score,sw_hwct_class_1_count,sw_hwct_class_1_score,sw_hwct_class_1_event_count,hw_class_1_score,sw_ct_class_1_event_count,hw_class_1_event_count,router_class_1_score,router_class_1_event_count,top_class_1_score,top_class_1_event_count,sw_direct_class_2_count,sw_ct_class_2_count,hw_class_2_count,hw_minus_sw_direct_class_2_count,sw_ct_class_2_score,sw_hwct_class_2_count,sw_hwct_class_2_score,sw_hwct_class_2_event_count,hw_class_2_score,sw_ct_class_2_event_count,hw_class_2_event_count,router_class_2_score,router_class_2_event_count,top_class_2_score,top_class_2_event_count,sw_direct_class_3_count,sw_ct_class_3_count,hw_class_3_count,hw_minus_sw_direct_class_3_count,sw_ct_class_3_score,sw_hwct_class_3_count,sw_hwct_class_3_score,sw_hwct_class_3_event_count,hw_class_3_score,sw_ct_class_3_event_count,hw_class_3_event_count,router_class_3_score,router_class_3_event_count,top_class_3_score,top_class_3_event_count,sw_direct_class_4_count,sw_ct_class_4_count,hw_class_4_count,hw_minus_sw_direct_class_4_count,sw_ct_class_4_score,sw_hwct_class_4_count,sw_hwct_class_4_score,sw_hwct_class_4_event_count,hw_class_4_score,sw_ct_class_4_event_count,hw_class_4_event_count,router_class_4_score,router_class_4_event_count,top_class_4_score,top_class_4_event_count,sw_direct_class_5_count,sw_ct_class_5_count,hw_class_5_count,hw_minus_sw_direct_class_5_count,sw_ct_class_5_score,sw_hwct_class_5_count,sw_hwct_class_5_score,sw_hwct_class_5_event_count,hw_class_5_score,sw_ct_class_5_event_count,hw_class_5_event_count,router_class_5_score,router_class_5_event_count,top_class_5_score,top_class_5_event_count,sw_direct_class_6_count,sw_ct_class_6_count,hw_class_6_count,hw_minus_sw_direct_class_6_count,sw_ct_class_6_score,sw_hwct_class_6_count,sw_hwct_class_6_score,sw_hwct_class_6_event_count,hw_class_6_score,sw_ct_class_6_event_count,hw_class_6_event_count,router_class_6_score,router_class_6_event_count,top_class_6_score,top_class_6_event_count,sw_direct_class_7_count,sw_ct_class_7_count,hw_class_7_count,hw_minus_sw_direct_class_7_count,sw_ct_class_7_score,sw_hwct_class_7_count,sw_hwct_class_7_score,sw_hwct_class_7_event_count,hw_class_7_score,sw_ct_class_7_event_count,hw_class_7_event_count,router_class_7_score,router_class_7_event_count,top_class_7_score,top_class_7_event_count,sw_direct_class_8_count,sw_ct_class_8_count,hw_class_8_count,hw_minus_sw_direct_class_8_count,sw_ct_class_8_score,sw_hwct_class_8_count,sw_hwct_class_8_score,sw_hwct_class_8_event_count,hw_class_8_score,sw_ct_class_8_event_count,hw_class_8_event_count,router_class_8_score,router_class_8_event_count,top_class_8_score,top_class_8_event_count,sw_direct_class_9_count,sw_ct_class_9_count,hw_class_9_count,hw_minus_sw_direct_class_9_count,sw_ct_class_9_score,sw_hwct_class_9_count,sw_hwct_class_9_score,sw_hwct_class_9_event_count,hw_class_9_score,sw_ct_class_9_event_count,hw_class_9_event_count,router_class_9_score,router_class_9_event_count,top_class_9_score,top_class_9_event_count,sw_input_source_group_0_spike_count,hw_input_source_group_0_spike_count,input_source_group_0_spike_diff,sw_input_source_group_1_spike_count,hw_input_source_group_1_spike_count,input_source_group_1_spike_diff,sw_input_source_group_2_spike_count,hw_input_source_group_2_spike_count,input_source_group_2_spike_diff,sw_input_source_group_3_spike_count,hw_input_source_group_3_spike_count,input_source_group_3_spike_diff,sw_input_source_group_4_spike_count,hw_input_source_group_4_spike_count,input_source_group_4_spike_diff,sw_input_source_group_5_spike_count,hw_input_source_group_5_spike_count,input_source_group_5_spike_diff,sw_input_source_group_6_spike_count,hw_input_source_group_6_spike_count,input_source_group_6_spike_diff,sw_input_source_group_7_spike_count,hw_input_source_group_7_spike_count,input_source_group_7_spike_diff,sw_input_source_group_8_spike_count,hw_input_source_group_8_spike_count,input_source_group_8_spike_diff,sw_input_source_group_9_spike_count,hw_input_source_group_9_spike_count,input_source_group_9_spike_diff,sw_input_source_group_10_spike_count,hw_input_source_group_10_spike_count,input_source_group_10_spike_diff,sw_input_source_group_11_spike_count,hw_input_source_group_11_spike_count,input_source_group_11_spike_diff,sw_input_source_group_12_spike_count,hw_input_source_group_12_spike_count,input_source_group_12_spike_diff,sw_input_source_group_13_spike_count,hw_input_source_group_13_spike_count,input_source_group_13_spike_diff,sw_input_source_group_14_spike_count,hw_input_source_group_14_spike_count,input_source_group_14_spike_diff,sw_input_source_group_15_spike_count,hw_input_source_group_15_spike_count,input_source_group_15_spike_diff,total_latency_cycles,ct_lookup_count,ct_valid_entry_count,router_busy_cycles,router_stall_cycles,cross_group_event_count,same_group_event_count,intra_weight_lookup_count,intra_weight_nonzero_count,intra_fifo_blocked_event_count,drop_spike_count,class_0_spike_count,class_1_spike_count,class_2_spike_count,class_3_spike_count,class_4_spike_count,class_5_spike_count,class_6_spike_count,class_7_spike_count,class_8_spike_count,class_9_spike_count,class_0_score,class_1_score,class_2_score,class_3_score,class_4_score,class_5_score,class_6_score,class_7_score,class_8_score,class_9_score,class_0_event_count,class_1_event_count,class_2_event_count,class_3_event_count,class_4_event_count,class_5_event_count,class_6_event_count,class_7_event_count,class_8_event_count,class_9_event_count,out_fifo_overflow_drop_count,ct_lookup_minus_expected,ct_valid_minus_expected,ct_invalid_minus_expected,ct_cross_minus_expected,ct_same_minus_expected,ct_mode_ok
0,7,7,7,7,0,0,0,7,7,82,1230,7,7,82,1230,7,7,7,7,7,7,,1,1,1,0,15,24,25,10,4560,24,4560,90,4332,90,88,0,0,0,0,15,22,22,7,4431,22,4431,79,4337,79,76,0,0,0,0,15,21,21,6,3792,21,3792,92,3454,92,85,0,0,0,0,15,28,28,13,5370,28,5370,109,4866,109,101,0,0,0,0,15,35,34,19,6286,35,6286,126,5996,126,121,0,0,0,0,15,29,29,14,5754,29,5754,115,5236,115,105,0,0,0,0,15,23,23,8,4639,23,4639,85,4205,85,78,0,0,0,0,15,76,76,61,12813,76,12813,264,12324,264,252,0,0,0,0,15,20,21,6,4473,20,4473,93,3898,93,86,0,0,0,0,15,51,50,35,9129,51,9129,177,8396,177,163,0,0,0,0,5,0,-5,7,0,-7,6,0,-6,8,0,-8,4,0,-4,5,0,-5,4,0,-4,4,0,-4,4,0,-4,5,0,-5,6,0,-6,3,0,-3,6,0,-6,5,0,-5,5,0,-5,5,0,-5,848331,1566,1155,33757,25434,1155,0,52608,75,0,0,25,22,21,28,34,29,23,76,21,50,4332,4337,3454,4866,5996,5236,4205,12324,3898,8396,88,76,85,101,121,105,78,252,86,163,0,,,,,,
1,2,2,3,3,0,0,0,3,3,132,1980,3,3,132,1980,3,3,3,3,3,3,,1,1,1,0,15,52,55,40,9500,52,9500,216,8909,216,199,0,0,0,0,15,60,64,49,10779,60,10779,222,10015,222,204,0,0,0,0,15,64,67,52,10621,64,10621,290,9779,290,266,0,0,0,0,15,66,69,54,11185,66,11185,256,10297,256,236,0,0,0,0,15,29,35,20,5876,29,5876,136,5367,136,123,0,0,0,0,15,58,64,49,10286,58,10286,232,9636,232,217,0,0,0,0,15,48,56,41,8967,48,8967,201,8295,201,188,0,0,0,0,15,26,33,18,5305,26,5305,112,5021,112,107,0,0,0,0,15,48,53,38,8821,48,8821,190,8036,190,176,0,0,0,0,15,35,41,26,7072,35,7072,125,6595,125,115,0,0,0,0,9,0,-9,10,0,-10,10,0,-10,9,0,-9,8,0,-8,6,0,-6,9,0,-9,7,0,-7,9,0,-9,7,0,-7,9,0,-9,8,0,-8,6,0,-6,8,0,-8,7,0,-7,10,0,-10,891254,2500,1831,58406,45105,1831,0,85632,149,0,0,55,64,67,69,35,64,56,33,53,41,8909,10015,9779,10297,5367,9636,8295,5021,8036,6595,199,204,266,236,123,217,188,107,176,115,0,,,,,,
2,1,1,1,1,0,0,0,1,1,49,735,1,1,49,735,1,1,1,1,1,5,,1,1,1,0,15,15,22,7,3191,15,3191,58,2946,58,55,0,0,0,0,15,61,64,49,10175,61,10175,162,9687,162,153,0,0,0,0,15,16,23,8,3273,16,3273,68,3114,68,64,0,0,0,0,15,26,35,20,5291,26,5291,96,4941,96,88,0,0,0,0,15,8,12,-3,2349,8,2349,37,2142,37,34,0,0,0,0,15,10,17,2,2800,10,2800,53,2415,53,47,0,0,0,0,15,14,20,5,3480,14,3480,59,3234,59,55,0,0,0,0,15,11,15,0,2642,11,2642,49,2593,49,48,0,0,0,0,15,21,30,15,4597,21,4597,89,4201,89,81,0,0,0,0,15,17,24,9,3630,17,3630,64,3505,64,61,0,0,0,0,2,0,-2,2,0,-2,3,0,-3,3,0,-3,3,0,-3,3,0,-3,4,0,-4,3,0,-3,3,0,-3,3,0,-3,4,0,-4,4,0,-4,2,0,-2,3,0,-3,4,0,-4,3,0,-3,764816,997,686,22762,17417,686,0,39808,49,0,0,22,64,23,35,12,17,20,15,30,24,2946,9687,3114,4941,2142,2415,3234,2593,4201,3505,55,153,64,88,34,47,55,48,81,61,0,,,,,,
3,0,0,0,0,0,0,0,0,0,157,2355,0,0,157,2355,0,0,0,0,0,0,,1,1,1,0,15,101,103,88,16550,101,16550,354,15299,354,330,0,0,0,0,15,47,51,36,8823,47,8823,157,8362,157,148,0,0,0,0,15,62,67,52,10862,62,10862,224,10207,224,211,0,0,0,0,15,72,76,61,12301,72,12301,247,11328,247,228,0,0,0,0,15,61,65,50,10830,61,10830,204,10336,204,194,0,0,0,0,15,72,81,66,12604,72,12604,249,11649,249,231,0,0,0,0,15,85,90,75,14160,85,14160,295,12929,295,270,0,0,0,0,15,75,80,65,12984,75,12984,235,12321,235,222,0,0,0,0,15,45,50,35,8020,45,8020,158,7393,158,149,0,0,0,0,15,72,75,60,12725,72,12725,232,11957,232,216,0,0,0,0,8,0,-8,11,0,-11,12,0,-12,10,0,-10,8,0,-8,10,0,-10,10,0,-10,11,0,-11,8,0,-8,8,0,-8,10,0,-10,11,0,-11,9,0,-9,11,0,-11,10,0,-10,10,0,-10,839428,3094,2199,73534,57012,2199,0,114560,156,0,0,103,51,67,76,65,81,90,80,50,75,15299,8362,10207,11328,10336,11649,12929,12321,7393,11957,330,148,211,228,194,231,270,222,149,216,0,,,,,,
4,4,4,4,4,0,0,0,4,4,94,1410,4,4,94,1410,4,4,4,4,4,7,,1,1,1,0,15,42,47,32,7322,42,7322,168,6597,168,151,0,0,0,0,15,19,24,9,4077,19,4077,61,3973,61,60,0,0,0,0,15,34,40,25,6651,34,6651,133,6259,133,126,0,0,0,0,15,33,37,22,6740,33,6740,129,6078,129,117,0,0,0,0,15,63,67,52,11338,63,11338,216,10562,216,200,0,0,0,0,15,31,36,21,6432,31,6432,126,5832,126,116,0,0,0,0,15,37,40,25,7215,37,7215,130,6694,130,123,0,0,0,0,15,39,46,31,7040,39,7040,131,6716,131,125,0,0,0,0,15,33,39,24,6322,33,6322,135,5782,135,124,0,0,0,0,15,51,58,43,9210,51,9210,181,8515,181,165,0,0,0,0,6,0,-6,8,0,-8,7,0,-7,5,0,-5,5,0,-5,5,0,-5,6,0,-6,3,0,-3,5,0,-5,6,0,-6,6,0,-6,6,0,-6,6,0,-6,7,0,-7,7,0,-7,6,0,-6,847528,1834,1307,43148,33357,1307,0,67456,88,0,0,47,24,40,37,67,36,40,46,39,58,6597,3973,6259,6078,10562,5832,6694,6716,5782,8515,151,60,126,117,200,116,123,125,124,165,0,,,,,,
5,1,1,1,1,0,0,0,1,1,64,960,1,1,64,960,1,1,1,1,1,1,,1,1,1,0,15,19,21,6,3736,19,3736,67,3443,67,63,0,0,0,0,15,69,74,59,11691,69,11691,185,11106,185,176,0,0,0,0,15,23,25,10,4056,23,4056,80,3897,80,76,0,0,0,0,15,41,47,32,7171,41,7171,129,6453,129,116,0,0,0,0,15,15,21,6,3667,15,3667,55,3460,55,52,0,0,0,0,15,19,23,8,3956,19,3956,76,3504,76,68,0,0,0,0,15,20,28,13,4412,20,4412,68,4166,68,64,0,0,0,0,15,23,27,12,4376,23,4376,88,4245,88,85,0,0,0,0,15,37,39,24,6312,37,6312,125,5766,125,115,0,0,0,0,15,23,26,11,4691,23,4691,87,4521,87,82,0,0,0,0,3,0,-3,3,0,-3,6,0,-6,5,0,-5,3,0,-3,5,0,-5,4,0,-4,4,0,-4,3,0,-3,4,0,-4,4,0,-4,4,0,-4,4,0,-4,3,0,-3,4,0,-4,5,0,-5,802631,1292,897,27545,20626,897,0,50560,63,0,0,21,74,25,47,21,23,28,27,39,26,3443,11106,3897,6453,3460,3504,4166,4245,5766,4521,63,176,76,116,52,68,64,85,115,82,0,,,,,,
6,4,4,4,4,0,0,0,9,9,98,1470,9,9,98,1470,7,9,7,7,7,0,,0,0,0,0,15,31,37,22,5884,31,5884,134,5502,134,125,0,0,0,0,15,33,36,21,6452,33,6452,97,6238,97,94,0,0,0,0,15,25,31,16,5021,25,5021,103,4761,103,97,0,0,0,0,15,47,50,35,8144,47,8144,164,7526,164,155,0,0,0,0,15,49,57,42,9229,49,9229,182,8915,182,174,0,0,0,0,15,41,48,33,7529,41,7529,166,6950,166,153,0,0,0,0,15,29,32,17,5406,29,5406,96,5013,96,89,0,0,0,0,15,53,60,45,9484,53,9484,188,9043,188,177,0,0,0,0,15,40,44,29,7545,40,7545,160,7017,160,149,0,0,0,0,15,53,59,44,9622,53,9622,180,9112,180,169,0,0,0,0,9,0,-9,5,0,-5,5,0,-5,4,0,-4,6,0,-6,6,0,-6,4,0,-4,5,0,-5,6,0,-6,7,0,-7,6,0,-6,8,0,-8,7,0,-7,6,0,-6,7,0,-7,7,0,-7,836570,1934,1382,46600,36280,1382,0,70656,88,0,0,37,36,31,50,57,48,32,60,44,59,5502,6238,4761,7526,8915,6950,5013,9043,7017,9112,125,94,97,155,174,153,89,177,149,169,0,,,,,,
7,9,9,9,9,0,0,0,9,9,98,1470,9,9,98,1470,9,9,9,9,9,3,,1,1,1,0,15,33,37,22,6179,33,6179,134,5603,134,126,0,0,0,0,15,44,49,34,7908,44,7908,131,7518,131,124,0,0,0,0,15,21,28,13,4546,21,4546,96,4133,96,87,0,0,0,0,15,49,53,38,8335,49,8335,165,7761,165,155,0,0,0,0,15,49,54,39,9031,49,9031,175,8118,175,157,0,0,0,0,15,46,51,36,8131,46,8131,177,7728,177,167,0,0,0,0,15,37,38,23,6422,37,6422,127,5509,127,112,0,0,0,0,15,45,49,34,8043,45,8043,144,7685,144,136,0,0,0,0,15,33,40,25,6286,33,6286,123,5803,123,114,0,0,0,0,15,60,63,48,10046,60,10046,198,9461,198,183,0,0,0,0,7,0,-7,5,0,-5,6,0,-6,7,0,-7,6,0,-6,5,0,-5,6,0,-6,8,0,-8,6,0,-6,4,0,-4,7,0,-7,8,0,-8,7,0,-7,5,0,-5,6,0,-6,5,0,-5,826697,1920,1361,46948,36691,1361,0,71552,94,0,0,37,49,28,53,54,51,38,49,40,63,5603,7518,4133,7761,8118,7728,5509,7685,5803,9461,126,124,87,155,157,167,112,136,114,183,0,,,,,,
8,5,5,2,2,0,0,0,4,0,136,2040,4,0,136,2040,4,4,4,4,4,4,,1,0,0,0,15,66,70,55,11085,66,11085,255,10189,255,236,0,0,0,0,15,52,58,43,9596,52,9596,186,9234,186,178,0,0,0,0,15,55,56,41,9553,55,9553,199,9065,199,187,0,0,0,0,15,51,55,40,9298,51,9298,176,8569,176,162,0,0,0,0,15,65,72,57,11921,65,11921,245,11300,245,228,0,0,0,0,15,56,61,46,10163,56,10163,221,9076,221,201,0,0,0,0,15,63,71,56,11403,63,11403,218,10359,218,200,0,0,0,0,15,46,51,36,8303,46,8303,158,8037,158,152,0,0,0,0,15,47,55,40,8647,47,8647,185,8057,185,171,0,0,0,0,15,56,62,47,10240,56,10240,197,9712,197,184,0,0,0,0,8,0,-8,8,0,-8,9,0,-9,9,0,-9,9,0,-9,10,0,-10,9,0,-9,9,0,-9,7,0,-7,7,0,-7,7,0,-7,9,0,-9,10,0,-10,9,0,-9,7,0,-7,9,0,-9,874838,2646,1899,61071,46958,1899,0,95616,141,0,0,70,58,56,55,72,61,71,51,55,62,10189,9234,9065,8569,11300,9076,10359,8037,8057,9712,236,178,187,162,228,201,200,152,171,184,0,,,,,,
9,9,9,9,9,0,0,0,9,9,141,2115,9,9,141,2115,9,9,9,9,9,9,,1,1,1,0,15,61,63,48,10124,61,10124,221,9581,221,210,0,0,0,0,15,65,69,54,11217,65,11217,186,10703,186,177,0,0,0,0,15,38,43,28,6954,38,6954,140,6634,140,133,0,0,0,0,15,49,55,40,8701,49,8701,173,8045,173,162,0,0,0,0,15,78,84,69,13705,78,13705,259,13148,259,248,0,0,0,0,15,57,62,47,10467,57,10467,200,9565,200,183,0,0,0,0,15,51,53,38,9248,51,9248,171,8548,171,159,0,0,0,0,15,86,89,74,14493,86,14493,291,13944,291,280,0,0,0,0,15,49,55,40,9163,49,9163,185,8474,185,172,0,0,0,0,15,89,90,75,14797,89,14797,289,14115,289,272,0,0,0,0,7,0,-7,8,0,-8,9,0,-9,9,0,-9,9,0,-9,8,0,-8,9,0,-9,10,0,-10,10,0,-10,10,0,-10,9,0,-9,11,0,-11,8,0,-8,8,0,-8,7,0,-7,9,0,-9,816538,2800,1996,63970,49025,1996,0,102912,119,0,0,63,69,43,55,84,62,53,89,55,90,9581,10703,6634,8045,13148,9565,8548,13944,8474,14115,210,177,133,162,248,183,159,280,172,272,0,,,,,,
10,0,0,0,0,0,0,0,0,0,138,2070,0,0,138,2070,0,0,0,0,0,2,,1,1,1,0,15,107,114,99,17401,107,17401,418,16009,418,387,0,0,0,0,15,28,34,19,5996,28,5996,104,5672,104,96,0,0,0,0,15,53,57,42,9266,53,9266,222,8665,222,210,0,0,0,0,15,72,76,61,12716,72,12716,267,11766,267,248,0,0,0,0,15,37,45,30,7566,37,7566,168,7127,168,157,0,0,0,0,15,65,71,56,11556,65,11556,251,10540,251,232,0,0,0,0,15,50,53,38,8279,50,8279,198,7755,198,184,0,0,0,0,15,37,47,32,7795,37,7795,134,7279,134,124,0,0,0,0,15,45,52,37,8319,45,8319,187,7542,187,170,0,0,0,0,15,35,41,26,7280,35,7280,121,6906,121,113,0,0,0,0,7,0,-7,7,0,-7,9,0,-9,8,0,-8,8,0,-8,8,0,-8,11,0,-11,9,0,-9,8,0,-8,8,0,-8,9,0,-9,7,0,-7,10,0,-10,9,0,-9,11,0,-11,9,0,-9,849902,2649,1921,62948,48837,1921,0,93184,149,0,0,114,34,57,76,45,71,53,47,52,41,16009,5672,8665,11766,7127,10540,7755,7279,7542,6906,387,96,210,248,157,232,184,124,170,113,0,,,,,,
11,6,6,0,0,0,0,0,0,0,134,2010,0,0,134,2010,0,0,0,0,0,9,,1,1,1,0,15,79,81,66,12739,79,12739,296,11766,296,269,0,0,0,0,15,55,59,44,9709,55,9709,161,9190,161,152,0,0,0,0,15,56,62,47,9858,56,9858,222,9383,222,210,0,0,0,0,15,62,71,56,10912,62,10912,227,9993,227,209,0,0,0,0,15,51,59,44,9915,51,9915,199,9305,199,185,0,0,0,0,15,48,49,34,8782,48,8782,173,8167,173,161,0,0,0,0,15,56,58,43,9295,56,9295,220,8199,220,199,0,0,0,0,15,44,45,30,8281,44,8281,148,7921,148,140,0,0,0,0,15,53,59,44,9447,53,9447,196,8634,196,181,0,0,0,0,15,48,54,39,8996,48,8996,168,8668,168,159,0,0,0,0,9,0,-9,9,0,-9,8,0,-8,11,0,-11,5,0,-5,7,0,-7,9,0,-9,10,0,-10,5,0,-5,6,0,-6,6,0,-6,12,0,-12,10,0,-10,8,0,-8,9,0,-9,10,0,-10,871931,2596,1865,60121,46276,1865,0,93568,145,0,0,81,59,62,71,59,49,58,45,59,54,11766,9190,9383,9993,9305,8167,8199,7921,8634,8668,269,152,210,209,185,161,199,140,181,159,0,,,,,,
12,9,9,9,9,0,0,0,9,9,103,1545,9,9,103,1545,9,9,9,9,9,7,,1,1,1,0,15,40,44,29,7278,40,7278,143,6841,143,135,0,0,0,0,15,32,35,20,6068,32,6068,93,5734,93,88,0,0,0,0,15,33,38,23,5933,33,5933,108,5521,108,101,0,0,0,0,15,36,37,22,6589,36,6589,116,5870,116,106,0,0,0,0,15,67,75,60,11632,67,11632,212,10912,212,199,0,0,0,0,15,43,48,33,7941,43,7941,149,7380,149,138,0,0,0,0,15,42,46,31,7327,42,7327,130,6499,130,118,0,0,0,0,15,65,70,55,11494,65,11494,212,10984,212,199,0,0,0,0,15,43,46,31,7472,43,7472,142,6960,142,133,0,0,0,0,15,73,79,64,12471,73,12471,240,11780,240,226,0,0,0,0,7,0,-7,5,0,-5,7,0,-7,8,0,-8,8,0,-8,6,0,-6,6,0,-6,7,0,-7,7,0,-7,7,0,-7,6,0,-6,6,0,-6,5,0,-5,6,0,-6,6,0,-6,6,0,-6,822343,2064,1443,50464,39420,1443,0,79488,102,0,0,44,35,38,37,75,48,46,70,46,79,6841,5734,5521,5870,10912,7380,6499,10984,6960,11780,135,88,101,106,199,138,118,199,133,226,0,,,,,,
13,0,0,0,0,0,0,0,0,0,134,2010,0,0,134,2010,0,0,0,0,0,9,,1,1,1,0,15,96,101,86,15679,96,15679,349,14402,349,325,0,0,0,0,15,23,27,12,5218,23,5218,81,4643,81,72,0,0,0,0,15,51,55,40,9122,51,9122,196,8432,196,184,0,0,0,0,15,60,64,49,10326,60,10326,218,9621,218,203,0,0,0,0,15,56,57,42,10292,56,10292,198,9644,198,186,0,0,0,0,15,61,67,52,10901,61,10901,224,9964,224,210,0,0,0,0,15,49,57,42,8561,49,8561,187,7750,187,171,0,0,0,0,15,48,54,39,9340,48,9340,170,8604,170,156,0,0,0,0,15,50,55,40,8950,50,8950,192,8228,192,178,0,0,0,0,15,55,61,46,10171,55,10171,195,9474,195,179,0,0,0,0,7,0,-7,9,0,-9,8,0,-8,9,0,-9,8,0,-8,10,0,-10,10,0,-10,8,0,-8,6,0,-6,10,0,-10,10,0,-10,9,0,-9,6,0,-6,8,0,-8,9,0,-9,7,0,-7,812938,2595,1864,62846,49006,1864,0,93568,131,0,0,101,27,55,64,57,67,57,54,55,61,14402,4643,8432,9621,9644,9964,7750,8604,8228,9474,325,72,184,203,186,210,171,156,178,179,0,,,,,,
14,1,1,1,1,0,0,0,1,1,70,1050,1,1,70,1050,1,1,1,1,1,9,,1,1,1,0,15,19,24,9,4125,19,4125,71,3874,71,68,0,0,0,0,15,64,71,56,11494,64,11494,187,10983,187,179,0,0,0,0,15,24,29,14,4381,24,4381,87,4342,87,86,0,0,0,0,15,44,48,33,7862,44,7862,140,7098,140,126,0,0,0,0,15,18,23,8,3816,18,3816,61,3639,61,57,0,0,0,0,15,22,29,14,4493,22,4493,87,4051,87,78,0,0,0,0,15,29,35,20,5894,29,5894,102,5486,102,94,0,0,0,0,15,34,38,23,6262,34,6262,109,5940,109,102,0,0,0,0,15,33,39,24,5830,33,5830,111,5383,111,104,0,0,0,0,15,28,35,20,5464,28,5464,95,5174,95,88,0,0,0,0,5,0,-5,5,0,-5,3,0,-3,5,0,-5,5,0,-5,5,0,-5,3,0,-3,5,0,-5,4,0,-4,4,0,-4,3,0,-3,5,0,-5,5,0,-5,4,0,-4,4,0,-4,5,0,-5,775374,1423,982,34820,27194,982,0,56448,68,0,0,24,71,29,48,23,29,35,38,39,35,3874,10983,4342,7098,3639,4051,5486,5940,5383,5174,68,179,86,126,57,78,94,102,104,88,0,,,,,,
15,5,5,3,3,0,0,0,3,3,107,1605,3,3,107,1605,3,3,3,3,3,2,,1,1,1,0,15,50,56,41,8733,50,8733,221,7945,221,205,0,0,0,0,15,34,39,24,6345,34,6345,118,5804,118,106,0,0,0,0,15,41,43,28,7375,41,7375,191,6946,191,180,0,0,0,0,15,64,70,55,10734,64,10734,244,9820,244,227,0,0,0,0,15,37,40,25,7105,37,7105,136,6784,136,130,0,0,0,0,15,49,54,39,8860,49,8860,205,8391,205,193,0,0,0,0,15,27,31,16,4965,27,4965,131,4702,131,124,0,0,0,0,15,29,34,19,5632,29,5632,105,5250,105,96,0,0,0,0,15,34,37,22,6607,34,6607,142,6107,142,130,0,0,0,0,15,31,35,20,6235,31,6235,112,5805,112,104,0,0,0,0,7,0,-7,5,0,-5,6,0,-6,7,0,-7,8,0,-8,8,0,-8,7,0,-7,8,0,-8,8,0,-8,8,0,-8,7,0,-7,8,0,-8,6,0,-6,3,0,-3,5,0,-5,6,0,-6,819969,2041,1495,46768,35910,1495,0,69888,110,0,0,56,39,43,70,40,54,31,34,37,35,7945,5804,6946,9820,6784,8391,4702,5250,6107,5805,205,106,180,227,130,193,124,96,130,104,0,,,,,,
16,9,9,9,9,0,0,0,9,9,101,1515,9,9,101,1515,9,9,9,9,9,5,,1,1,1,0,15,42,45,30,7453,42,7453,162,6798,162,150,0,0,0,0,15,20,26,11,4585,20,4585,69,4434,69,67,0,0,0,0,15,34,40,25,6464,34,6464,123,6128,123,115,0,0,0,0,15,44,48,33,8130,44,8130,151,7441,151,139,0,0,0,0,15,61,68,53,10816,61,10816,203,10281,203,191,0,0,0,0,15,32,37,22,6561,32,6561,118,5947,118,110,0,0,0,0,15,38,43,28,7004,38,7004,124,6228,124,113,0,0,0,0,15,51,55,40,9082,51,9082,174,8807,174,166,0,0,0,0,15,43,50,35,7777,43,7777,160,7145,160,148,0,0,0,0,15,65,70,55,11481,65,11481,231,10863,231,215,0,0,0,0,6,0,-6,8,0,-8,7,0,-7,6,0,-6,5,0,-5,8,0,-8,8,0,-8,6,0,-6,4,0,-4,6,0,-6,8,0,-8,6,0,-6,5,0,-5,5,0,-5,7,0,-7,6,0,-6,816246,1997,1414,49867,39198,1414,0,74624,101,0,0,45,26,40,48,68,37,43,55,50,70,6798,4434,6128,7441,10281,5947,6228,8807,7145,10863,150,67,115,139,191,110,113,166,148,215,0,,,,,,
17,7,7,7,7,0,0,0,7,7,104,1560,7,7,104,1560,7,7,7,7,7,0,,1,1,1,0,15,35,42,27,6836,35,6836,132,6315,132,126,0,0,0,0,15,23,30,15,5014,23,5014,95,4920,95,92,0,0,0,0,15,20,27,12,4070,20,4070,95,3765,95,89,0,0,0,0,15,48,51,36,8393,48,8393,185,7563,185,170,0,0,0,0,15,36,41,26,6771,36,6771,155,6528,155,150,0,0,0,0,15,36,42,27,6998,36,6998,148,6363,148,135,0,0,0,0,15,41,47,32,7548,41,7548,145,7102,145,135,0,0,0,0,15,81,84,69,13112,81,13112,287,12535,287,274,0,0,0,0,15,29,36,21,5773,29,5773,119,5049,119,110,0,0,0,0,15,54,63,48,9988,54,9988,199,9222,199,183,0,0,0,0,7,0,-7,7,0,-7,8,0,-8,5,0,-5,7,0,-7,6,0,-6,6,0,-6,6,0,-6,5,0,-5,6,0,-6,6,0,-6,5,0,-5,7,0,-7,8,0,-8,7,0,-7,8,0,-8,839975,2031,1464,48696,37870,1464,0,72576,96,0,0,42,30,27,51,41,42,47,84,36,63,6315,4920,3765,7563,6528,6363,7102,12535,5049,9222,126,92,89,170,150,135,135,274,110,183,0,,,,,,
18,3,5,3,3,0,0,0,3,3,161,2415,3,3,161,2415,3,3,3,3,3,1,,1,1,1,0,15,56,62,47,10242,56,10242,240,9459,240,226,0,0,0,0,15,65,69,54,11375,65,11375,237,10813,237,220,0,0,0,0,15,54,58,43,9496,54,9496,263,8848,263,245,0,0,0,0,15,76,83,68,13092,76,13092,315,11962,315,291,0,0,0,0,15,51,54,39,9514,51,9514,227,9132,227,215,0,0,0,0,15,62,71,56,11706,62,11706,261,11083,261,243,0,0,0,0,15,57,62,47,9754,57,9754,237,9021,237,221,0,0,0,0,15,53,58,43,9355,53,9355,205,8973,205,195,0,0,0,0,15,55,59,44,10388,55,10388,216,9601,216,200,0,0,0,0,15,59,63,48,10862,59,10862,214,10184,214,197,0,0,0,0,11,0,-11,9,0,-9,10,0,-10,12,0,-12,11,0,-11,9,0,-9,8,0,-8,8,0,-8,11,0,-11,8,0,-8,9,0,-9,10,0,-10,12,0,-12,13,0,-13,8,0,-8,12,0,-12,876955,3053,2253,68631,52405,2253,0,102400,162,0,0,62,69,58,83,54,71,62,58,59,63,9459,10813,8848,11962,9132,11083,9021,8973,9601,10184,226,220,245,291,215,243,221,195,200,197,0,,,,,,
19,4,4,4,4,0,0,0,4,4,79,1185,4,4,79,1185,4,4,4,4,4,3,,1,1,1,0,15,29,34,19,5264,29,5264,108,4812,108,100,0,0,0,0,15,20,25,10,4247,20,4247,57,4143,57,55,0,0,0,0,15,20,25,10,4184,20,4184,83,3859,83,76,0,0,0,0,15,31,36,21,6076,31,6076,111,5550,111,103,0,0,0,0,15,58,63,48,10117,58,10117,185,9703,185,176,0,0,0,0,15,30,36,21,6086,30,6086,119,5586,119,111,0,0,0,0,15,31,36,21,5909,31,5909,105,5299,105,96,0,0,0,0,15,40,45,30,7659,40,7659,129,7542,129,126,0,0,0,0,15,31,37,22,6021,31,6021,115,5674,115,108,0,0,0,0,15,51,57,42,9144,51,9144,173,8703,173,164,0,0,0,0,6,0,-6,2,0,-2,4,0,-4,5,0,-5,5,0,-5,4,0,-4,5,0,-5,5,0,-5,5,0,-5,6,0,-6,5,0,-5,6,0,-6,5,0,-5,6,0,-6,4,0,-4,6,0,-6,811862,1588,1115,39819,31327,1115,0,60544,70,0,0,34,25,25,36,63,36,36,45,37,57,4812,4143,3859,5550,9703,5586,5299,7542,5674,8703,100,55,76,103,176,111,96,126,108,164,0,,,,,,
20,9,9,9,9,0,0,0,7,7,122,1830,7,7,122,1830,7,7,7,7,7,8,,1,1,1,0,15,43,49,34,7818,43,7818,158,7331,158,151,0,0,0,0,15,62,67,52,11080,62,11080,179,10441,179,170,0,0,0,0,15,32,39,24,5984,32,5984,109,5677,109,103,0,0,0,0,15,57,64,49,10034,57,10034,191,9115,191,175,0,0,0,0,15,64,69,54,11575,64,11575,198,11116,198,189,0,0,0,0,15,52,61,46,9480,52,9480,185,8594,185,168,0,0,0,0,15,41,46,31,7526,41,7526,133,6993,133,124,0,0,0,0,15,78,84,69,13117,78,13117,252,12644,252,241,0,0,0,0,15,51,55,40,8885,51,8885,174,8252,174,164,0,0,0,0,15,75,83,68,13011,75,13011,251,12400,251,236,0,0,0,0,8,0,-8,6,0,-6,7,0,-7,7,0,-7,9,0,-9,7,0,-7,7,0,-7,7,0,-7,7,0,-7,9,0,-9,8,0,-8,10,0,-10,6,0,-6,6,0,-6,10,0,-10,8,0,-8,846520,2460,1721,58753,45592,1721,0,94592,109,0,0,49,67,39,64,69,61,46,84,55,83,7331,10441,5677,9115,11116,8594,6993,12644,8252,12400,151,170,103,175,189,168,124,241,164,236,0,,,,,,
21,6,6,6,6,0,0,0,6,6,103,1545,6,6,103,1545,6,6,6,6,6,3,,1,1,1,0,15,47,48,33,8122,47,8122,170,7594,170,160,0,0,0,0,15,38,44,29,6895,38,6895,114,6396,114,106,0,0,0,0,15,37,40,25,6911,37,6911,142,6286,142,131,0,0,0,0,15,56,62,47,9764,56,9764,196,8997,196,180,0,0,0,0,15,49,53,38,8899,49,8899,160,8384,160,148,0,0,0,0,15,47,54,39,8651,47,8651,166,8097,166,154,0,0,0,0,15,61,66,51,10453,61,10453,214,9723,214,200,0,0,0,0,15,27,33,18,5547,27,5547,92,5359,92,88,0,0,0,0,15,39,41,26,7141,39,7141,139,6554,139,130,0,0,0,0,15,46,52,37,8562,46,8562,152,8162,152,144,0,0,0,0,8,0,-8,8,0,-8,6,0,-6,6,0,-6,6,0,-6,7,0,-7,6,0,-6,6,0,-6,6,0,-6,7,0,-7,3,0,-3,7,0,-7,7,0,-7,7,0,-7,7,0,-7,6,0,-6,793210,2037,1441,50364,39480,1441,0,76288,104,0,0,48,44,40,62,53,54,66,33,41,52,7594,6396,6286,8997,8384,8097,9723,5359,6554,8162,160,106,131,180,148,154,200,88,130,144,0,,,,,,
22,6,6,4,4,0,0,0,6,6,119,1785,6,6,119,1785,6,6,6,6,6,5,,1,1,1,0,15,54,59,44,9620,54,9620,214,8910,214,197,0,0,0,0,15,52,54,39,9518,52,9518,151,9353,151,148,0,0,0,0,15,45,51,36,8448,45,8448,176,8062,176,166,0,0,0,0,15,50,54,39,8916,50,8916,186,7945,186,170,0,0,0,0,15,58,65,50,10431,58,10431,212,9980,212,199,0,0,0,0,15,30,35,20,6127,30,6127,120,5593,120,110,0,0,0,0,15,65,70,55,11237,65,11237,228,10257,228,209,0,0,0,0,15,44,48,33,8223,44,8223,157,7878,157,150,0,0,0,0,15,44,49,34,7979,44,7979,156,7385,156,146,0,0,0,0,15,50,56,41,9445,50,9445,185,8951,185,174,0,0,0,0,7,0,-7,5,0,-5,7,0,-7,9,0,-9,6,0,-6,8,0,-8,8,0,-8,9,0,-9,5,0,-5,7,0,-7,8,0,-8,9,0,-9,7,0,-7,5,0,-5,8,0,-8,11,0,-11,803516,2329,1669,56092,43668,1669,0,84480,116,0,0,59,54,51,54,65,35,70,48,49,56,8910,9353,8062,7945,9980,5593,10257,7878,7385,8951,197,148,166,170,199,110,209,150,146,174,0,,,,,,
23,5,5,5,5,0,0,0,5,5,98,1470,5,5,98,1470,5,5,5,5,5,1,,1,1,1,0,15,48,54,39,8238,48,8238,179,7712,179,171,0,0,0,0,15,28,39,24,5883,28,5883,118,5433,118,108,0,0,0,0,15,24,28,13,4560,24,4560,98,4172,98,91,0,0,0,0,15,49,54,39,8736,49,8736,178,8210,178,167,0,0,0,0,15,41,44,29,7643,41,7643,143,7246,143,135,0,0,0,0,15,56,60,45,9546,56,9546,208,8536,208,189,0,0,0,0,15,48,55,40,8537,48,8537,160,7898,160,149,0,0,0,0,15,27,34,19,5672,27,5672,97,5365,97,90,0,0,0,0,15,42,45,30,7151,42,7151,153,6717,153,143,0,0,0,0,15,42,46,31,7634,42,7634,136,7409,136,131,0,0,0,0,7,0,-7,8,0,-8,6,0,-6,5,0,-5,8,0,-8,9,0,-9,9,0,-9,6,0,-6,6,0,-6,6,0,-6,5,0,-5,4,0,-4,5,0,-5,5,0,-5,4,0,-4,5,0,-5,792845,1931,1374,45704,35394,1374,0,71296,96,0,0,54,39,28,54,44,60,55,34,45,46,7712,5433,4172,8210,7246,8536,7898,5365,6717,7409,171,108,91,167,135,189,149,90,143,131,0,,,,,,
24,4,4,4,4,0,0,0,4,4,70,1050,4,4,70,1050,4,4,4,4,4,2,,1,1,1,0,15,24,28,13,4765,24,4765,108,4408,108,99,0,0,0,0,15,17,20,5,3661,17,3661,57,3547,57,55,0,0,0,0,15,18,23,8,4131,18,4131,75,4050,75,73,0,0,0,0,15,33,39,24,6194,33,6194,123,5505,123,111,0,0,0,0,15,49,57,42,9240,49,9240,174,8980,174,167,0,0,0,0,15,19,26,11,4553,19,4553,83,4264,83,79,0,0,0,0,15,21,28,13,4781,21,4781,86,4180,86,78,0,0,0,0,15,32,38,23,5945,32,5945,105,5790,105,101,0,0,0,0,15,18,25,10,3836,18,3836,79,3512,79,74,0,0,0,0,15,47,51,36,7948,47,7948,160,7695,160,153,0,0,0,0,3,0,-3,3,0,-3,7,0,-7,7,0,-7,3,0,-3,3,0,-3,5,0,-5,6,0,-6,3,0,-3,3,0,-3,6,0,-6,6,0,-6,2,0,-2,1,0,-1,5,0,-5,7,0,-7,796816,1395,990,32372,24922,990,0,51840,60,0,0,28,20,23,39,57,26,28,38,25,51,4408,3547,4050,5505,8980,4264,4180,5790,3512,7695,99,55,73,111,167,79,78,101,74,153,0,,,,,,
25,0,0,0,0,0,0,0,0,0,227,3405,0,0,227,3405,0,0,0,0,0,2,,1,1,1,0,15,147,160,145,24035,147,24035,584,22392,584,545,0,0,0,0,15,62,68,53,11260,62,11260,226,10714,226,213,0,0,0,0,15,92,99,84,15928,92,15928,358,14920,358,335,0,0,0,0,15,90,94,79,15764,90,15764,324,14793,324,304,0,0,0,0,15,86,90,75,15279,86,15279,323,14494,323,302,0,0,0,0,15,100,105,90,16970,100,16970,368,15554,368,339,0,0,0,0,15,104,109,94,17794,104,17794,393,16427,393,365,0,0,0,0,15,80,85,70,14593,80,14593,278,13894,278,264,0,0,0,0,15,75,78,63,13006,75,13006,274,12067,274,254,0,0,0,0,15,80,88,73,15246,80,15246,277,14327,277,258,0,0,0,0,13,0,-13,13,0,-13,13,0,-13,16,0,-16,14,0,-14,16,0,-16,17,0,-17,15,0,-15,16,0,-16,14,0,-14,12,0,-12,13,0,-13,15,0,-15,13,0,-13,13,0,-13,14,0,-14,946936,4382,3179,99459,76119,3179,0,153984,226,0,0,160,68,99,94,90,105,109,85,78,88,22392,10714,14920,14793,14494,15554,16427,13894,12067,14327,545,213,335,304,302,339,365,264,254,258,0,,,,,,
26,7,7,7,7,0,0,0,7,7,76,1140,7,7,76,1140,7,7,7,7,7,7,,1,1,1,0,15,22,29,14,4722,22,4722,108,4227,108,100,0,0,0,0,15,15,20,5,3569,15,3569,73,3406,73,69,0,0,0,0,15,11,16,1,2940,11,2940,56,2596,56,50,0,0,0,0,15,23,30,15,4869,23,4869,106,4423,106,96,0,0,0,0,15,35,41,26,6851,35,6851,145,6609,145,139,0,0,0,0,15,26,31,16,5285,26,5285,113,4808,113,105,0,0,0,0,15,20,29,14,4523,20,4523,86,4254,86,83,0,0,0,0,15,55,61,46,9443,55,9443,198,9274,198,193,0,0,0,0,15,17,20,5,3674,17,3674,71,3412,71,67,0,0,0,0,15,49,54,39,8841,49,8841,184,8117,184,169,0,0,0,0,5,0,-5,5,0,-5,5,0,-5,6,0,-6,6,0,-6,4,0,-4,3,0,-3,5,0,-5,5,0,-5,4,0,-4,2,0,-2,6,0,-6,5,0,-5,4,0,-4,5,0,-5,6,0,-6,783594,1478,1071,32599,24726,1071,0,52096,69,0,0,29,20,16,30,41,31,29,61,20,54,4227,3406,2596,4423,6609,4808,4254,9274,3412,8117,100,69,50,96,139,105,83,193,67,169,0,,,,,,
27,4,4,4,4,0,0,0,4,4,103,1545,4,4,103,1545,4,4,4,4,4,3,,1,1,1,0,15,45,48,33,7525,45,7525,169,6884,169,156,0,0,0,0,15,20,26,11,4236,20,4236,62,4098,62,59,0,0,0,0,15,33,40,25,6470,33,6470,126,5941,126,118,0,0,0,0,15,36,41,26,7131,36,7131,133,6456,133,121,0,0,0,0,15,76,81,66,13312,76,13312,246,12413,246,230,0,0,0,0,15,46,52,37,8237,46,8237,162,7681,162,152,0,0,0,0,15,42,46,31,7967,42,7967,145,7450,145,138,0,0,0,0,15,43,50,35,7794,43,7794,138,7559,138,133,0,0,0,0,15,39,45,30,7105,39,7105,145,6607,145,136,0,0,0,0,15,66,74,59,11103,66,11103,219,10490,219,206,0,0,0,0,6,0,-6,7,0,-7,7,0,-7,6,0,-6,7,0,-7,7,0,-7,7,0,-7,7,0,-7,7,0,-7,6,0,-6,6,0,-6,5,0,-5,4,0,-4,6,0,-6,8,0,-8,7,0,-7,785238,2055,1449,47513,36529,1449,0,77568,96,0,0,48,26,40,41,81,52,46,50,45,74,6884,4098,5941,6456,12413,7681,7450,7559,6607,10490,156,59,118,121,230,152,138,133,136,206,0,,,,,,
28,0,0,0,0,0,0,0,0,0,158,2370,0,0,158,2370,0,0,0,0,0,2,,1,1,1,0,15,101,104,89,16486,101,16486,357,15211,357,333,0,0,0,0,15,39,44,29,7784,39,7784,125,7218,125,115,0,0,0,0,15,63,68,53,10940,63,10940,232,10018,232,216,0,0,0,0,15,83,90,75,14674,83,14674,302,13359,302,276,0,0,0,0,15,60,63,48,11099,60,11099,198,10364,198,187,0,0,0,0,15,77,79,64,13226,77,13226,261,12146,261,240,0,0,0,0,15,75,81,66,12877,75,12877,257,11947,257,239,0,0,0,0,15,62,65,50,11023,62,11023,201,10291,201,186,0,0,0,0,15,61,62,47,10899,61,10899,224,9746,224,202,0,0,0,0,15,66,66,51,11866,66,11866,213,11160,213,199,0,0,0,0,10,0,-10,9,0,-9,11,0,-11,8,0,-8,12,0,-12,9,0,-9,11,0,-11,9,0,-9,11,0,-11,9,0,-9,10,0,-10,9,0,-9,10,0,-10,9,0,-9,10,0,-10,11,0,-11,839088,3072,2193,69591,53194,2193,0,112512,162,0,0,104,44,68,90,63,79,81,65,62,66,15211,7218,10018,13359,10364,12146,11947,10291,9746,11160,333,115,216,276,187,240,239,186,202,199,0,,,,,,
29,1,1,1,1,0,0,0,1,1,62,930,1,1,62,930,1,1,1,1,1,3,,1,1,1,0,15,19,25,10,3941,19,3941,74,3782,74,71,0,0,0,0,15,45,48,33,7927,45,7927,124,7647,124,120,0,0,0,0,15,21,25,10,3955,21,3955,75,3580,75,71,0,0,0,0,15,37,47,32,6913,37,6913,133,6491,133,125,0,0,0,0,15,13,21,6,3172,13,3172,52,2784,52,46,0,0,0,0,15,30,34,19,5439,30,5439,104,5135,104,97,0,0,0,0,15,23,29,14,4827,23,4827,90,4463,90,83,0,0,0,0,15,30,33,18,5648,30,5648,98,5332,98,91,0,0,0,0,15,27,37,22,5106,27,5106,105,4660,105,97,0,0,0,0,15,21,31,16,4572,21,4572,75,4338,75,71,0,0,0,0,4,0,-4,4,0,-4,4,0,-4,4,0,-4,4,0,-4,3,0,-3,3,0,-3,4,0,-4,4,0,-4,4,0,-4,2,0,-2,5,0,-5,4,0,-4,4,0,-4,4,0,-4,5,0,-5,769843,1264,872,32052,25278,872,0,50176,58,0,0,25,48,25,47,21,34,29,33,37,31,3782,7647,3580,6491,2784,5135,4463,5332,4660,4338,71,120,71,125,46,97,83,91,97,71,0,,,,,,
30,3,3,3,3,0,0,0,3,3,116,1740,3,3,116,1740,3,3,3,3,3,2,,1,1,1,0,15,42,45,30,7618,42,7618,154,6862,154,141,0,0,0,0,15,55,61,46,9577,55,9577,165,8949,165,156,0,0,0,0,15,23,27,12,4337,23,4337,94,4073,94,88,0,0,0,0,15,85,90,75,14276,85,14276,305,12833,305,277,0,0,0,0,15,31,38,23,6568,31,6568,117,6212,117,109,0,0,0,0,15,54,58,43,9761,54,9761,204,8891,204,185,0,0,0,0,15,44,51,36,8050,44,8050,156,7283,156,142,0,0,0,0,15,58,62,47,10073,58,10073,200,9607,200,189,0,0,0,0,15,47,51,36,8425,47,8425,164,7589,164,151,0,0,0,0,15,54,60,45,9962,54,9962,181,9258,181,167,0,0,0,0,7,0,-7,8,0,-8,8,0,-8,7,0,-7,7,0,-7,7,0,-7,6,0,-6,8,0,-8,5,0,-5,8,0,-8,10,0,-10,7,0,-7,7,0,-7,7,0,-7,8,0,-8,6,0,-6,849446,2263,1605,51029,38940,1605,0,84224,120,0,0,45,61,27,90,38,58,51,62,51,60,6862,8949,4073,12833,6212,8891,7283,9607,7589,9258,141,156,88,277,109,185,142,189,151,167,0,,,,,,
31,1,1,1,1,0,0,0,1,1,53,795,1,1,53,795,1,1,1,1,1,3,,1,1,1,0,15,11,15,0,2567,11,2567,48,2448,48,46,0,0,0,0,15,37,42,27,6779,37,6779,105,6549,105,101,0,0,0,0,15,14,19,4,2935,14,2935,57,2709,57,55,0,0,0,0,15,34,38,23,6124,34,6124,113,5587,113,102,0,0,0,0,15,14,19,4,3014,14,3014,57,2774,57,53,0,0,0,0,15,18,24,9,3679,18,3679,77,3364,77,71,0,0,0,0,15,16,25,10,4076,16,4076,69,3785,69,62,0,0,0,0,15,27,31,16,5448,27,5448,98,5259,98,94,0,0,0,0,15,22,23,8,3942,22,3942,83,3597,83,76,0,0,0,0,15,27,27,12,4840,27,4840,88,4532,88,82,0,0,0,0,3,0,-3,3,0,-3,3,0,-3,2,0,-2,4,0,-4,3,0,-3,4,0,-4,3,0,-3,4,0,-4,4,0,-4,4,0,-4,2,0,-2,4,0,-4,4,0,-4,3,0,-3,3,0,-3,770579,1058,742,25617,19958,742,0,40448,53,0,0,15,42,19,38,19,24,25,31,23,27,2448,6549,2709,5587,2774,3364,3785,5259,3597,4532,46,101,55,102,53,71,62,94,76,82,0,,,,,,
32,3,3,3,3,0,0,0,3,3,116,1740,3,3,116,1740,3,3,3,3,3,2,,1,1,1,0,15,39,43,28,6983,39,6983,148,6119,148,134,0,0,0,0,15,48,51,36,9164,48,9164,142,8530,142,133,0,0,0,0,15,29,36,21,5869,29,5869,137,5371,137,128,0,0,0,0,15,84,90,75,14013,84,14013,315,12784,315,292,0,0,0,0,15,38,44,29,7292,38,7292,137,6952,137,129,0,0,0,0,15,57,66,51,10202,57,10202,232,9351,232,215,0,0,0,0,15,34,39,24,6621,34,6621,131,6099,131,120,0,0,0,0,15,40,48,33,7439,40,7439,149,7169,149,142,0,0,0,0,15,47,56,41,8589,47,8589,184,7479,184,167,0,0,0,0,15,51,55,40,9017,51,9017,165,8367,165,152,0,0,0,0,7,0,-7,7,0,-7,8,0,-8,6,0,-6,8,0,-8,8,0,-8,8,0,-8,6,0,-6,7,0,-7,8,0,-8,7,0,-7,8,0,-8,9,0,-9,8,0,-8,6,0,-6,5,0,-5,822360,2256,1612,53881,41841,1612,0,82432,128,0,0,43,51,36,90,44,66,39,48,56,55,6119,8530,5371,12784,6952,9351,6099,7169,7479,8367,134,133,128,292,129,215,120,142,167,152,0,,,,,,
33,4,0,0,0,0,0,0,0,0,112,1680,0,0,112,1680,0,0,0,0,0,7,,1,1,1,0,15,67,72,57,11256,67,11256,283,10397,283,259,0,0,0,0,15,20,25,10,4165,20,4165,91,3906,91,86,0,0,0,0,15,50,55,40,8940,50,8940,214,8476,214,204,0,0,0,0,15,30,34,19,5982,30,5982,126,5811,126,122,0,0,0,0,15,50,54,39,9203,50,9203,188,8482,188,170,0,0,0,0,15,38,43,28,7377,38,7377,169,6899,169,159,0,0,0,0,15,51,53,38,8589,51,8589,209,7702,209,192,0,0,0,0,15,34,38,23,7007,34,7007,121,6722,121,115,0,0,0,0,15,26,31,16,5390,26,5390,131,4986,131,119,0,0,0,0,15,39,47,32,7649,39,7649,148,7428,148,140,0,0,0,0,7,0,-7,7,0,-7,6,0,-6,7,0,-7,7,0,-7,7,0,-7,6,0,-6,6,0,-6,7,0,-7,8,0,-8,7,0,-7,6,0,-6,9,0,-9,8,0,-8,7,0,-7,7,0,-7,835768,2130,1566,50108,38782,1566,0,72192,114,0,0,72,25,55,34,54,43,53,38,31,47,10397,3906,8476,5811,8482,6899,7702,6722,4986,7428,259,86,204,122,170,159,192,115,119,140,0,,,,,,
34,7,7,7,7,0,0,0,7,7,117,1755,7,7,117,1755,7,7,7,7,7,8,,1,1,1,0,15,46,51,36,8118,46,8118,176,7614,176,169,0,0,0,0,15,50,55,40,8780,50,8780,164,8457,164,157,0,0,0,0,15,41,50,35,7588,41,7588,161,7174,161,151,0,0,0,0,15,46,53,38,8608,46,8608,173,7940,173,162,0,0,0,0,15,49,54,39,9366,49,9366,171,9036,171,164,0,0,0,0,15,46,51,36,8443,46,8443,169,7836,169,156,0,0,0,0,15,35,41,26,6662,35,6662,110,6085,110,102,0,0,0,0,15,68,76,61,11772,68,11772,234,11454,234,225,0,0,0,0,15,49,56,41,8949,49,8949,199,8286,199,185,0,0,0,0,15,63,66,51,11142,63,11142,198,10735,198,189,0,0,0,0,8,0,-8,6,0,-6,8,0,-8,8,0,-8,7,0,-7,8,0,-8,9,0,-9,8,0,-8,6,0,-6,7,0,-7,7,0,-7,7,0,-7,7,0,-7,7,0,-7,6,0,-6,8,0,-8,811701,2330,1660,52564,40127,1660,0,85760,95,0,0,51,55,50,53,54,51,41,76,56,66,7614,8457,7174,7940,9036,7836,6085,11454,8286,10735,169,157,151,162,164,156,102,225,185,189,0,,,,,,
35,2,2,2,2,0,0,0,2,2,137,2055,2,2,137,2055,2,2,2,2,2,3,,1,1,1,0,15,59,70,55,10681,59,10681,269,9764,269,252,0,0,0,0,15,39,47,32,7382,39,7382,150,7075,150,141,0,0,0,0,15,69,75,60,11633,69,11633,298,11098,298,281,0,0,0,0,15,55,61,46,10152,55,10152,243,9325,243,225,0,0,0,0,15,40,47,32,7892,40,7892,164,7477,164,155,0,0,0,0,15,53,58,43,9688,53,9688,239,9078,239,224,0,0,0,0,15,51,56,41,9413,51,9413,180,8969,180,172,0,0,0,0,15,53,57,42,9560,53,9560,195,9220,195,188,0,0,0,0,15,44,47,32,7911,44,7911,187,7233,187,173,0,0,0,0,15,38,44,29,7594,38,7594,130,7075,130,120,0,0,0,0,9,0,-9,10,0,-10,9,0,-9,9,0,-9,10,0,-10,10,0,-10,11,0,-11,10,0,-10,8,0,-8,8,0,-8,8,0,-8,8,0,-8,7,0,-7,6,0,-6,6,0,-6,8,0,-8,802813,2630,1931,58705,44719,1931,0,89472,124,0,0,70,47,75,61,47,58,56,57,47,44,9764,7075,11098,9325,7477,9078,8969,9220,7233,7075,252,141,281,225,155,224,172,188,173,120,0,,,,,,
36,7,7,7,7,0,0,0,7,7,103,1545,7,7,103,1545,7,7,7,7,7,3,,1,1,1,0,15,32,38,23,6317,32,6317,137,5801,137,128,0,0,0,0,15,28,31,16,5694,28,5694,108,5471,108,104,0,0,0,0,15,28,35,20,5652,28,5652,122,5339,122,115,0,0,0,0,15,42,51,36,7958,42,7958,176,7516,176,165,0,0,0,0,15,36,44,29,7153,36,7153,155,6941,155,149,0,0,0,0,15,34,39,24,6617,34,6617,139,6077,139,128,0,0,0,0,15,39,43,28,7033,39,7033,130,6474,130,118,0,0,0,0,15,73,78,63,12143,73,12143,256,11644,256,241,0,0,0,0,15,30,36,21,5829,30,5829,118,5336,118,110,0,0,0,0,15,59,61,46,10523,59,10523,204,9895,204,192,0,0,0,0,7,0,-7,7,0,-7,6,0,-6,6,0,-6,7,0,-7,7,0,-7,6,0,-6,8,0,-8,6,0,-6,7,0,-7,5,0,-5,6,0,-6,8,0,-8,6,0,-6,6,0,-6,5,0,-5,802027,2009,1450,45411,34704,1450,0,71552,95,0,0,38,31,35,51,44,39,43,78,36,61,5801,5471,5339,7516,6941,6077,6474,11644,5336,9895,128,104,115,165,149,128,118,241,110,192,0,,,,,,
37,1,1,1,1,0,0,0,1,1,59,885,1,1,59,885,1,1,1,1,1,2,,1,1,1,0,15,18,22,7,3631,18,3631,64,3404,64,61,0,0,0,0,15,51,55,40,8936,51,8936,138,8606,138,133,0,0,0,0,15,17,23,8,3320,17,3320,63,3054,63,60,0,0,0,0,15,35,38,23,6331,35,6331,117,5966,117,109,0,0,0,0,15,13,17,2,3071,13,3071,48,2711,48,43,0,0,0,0,15,23,28,13,4423,23,4423,90,4081,90,82,0,0,0,0,15,22,26,11,4321,22,4321,76,3957,76,69,0,0,0,0,15,33,38,23,6100,33,6100,108,5722,108,99,0,0,0,0,15,25,31,16,4940,25,4940,103,4740,103,98,0,0,0,0,15,22,31,16,4699,22,4699,78,4521,78,73,0,0,0,0,4,0,-4,3,0,-3,1,0,-1,4,0,-4,5,0,-5,4,0,-4,1,0,-1,5,0,-5,5,0,-5,4,0,-4,2,0,-2,5,0,-5,5,0,-5,4,0,-4,2,0,-2,5,0,-5,793568,1195,827,28517,22115,827,0,47104,58,0,0,22,55,23,38,17,28,26,38,31,31,3404,8606,3054,5966,2711,4081,3957,5722,4740,4521,61,133,60,109,43,82,69,99,98,73,0,,,,,,
38,2,2,3,3,0,0,0,3,3,91,1365,3,3,91,1365,3,3,3,3,3,1,,1,1,1,0,15,42,48,33,7356,42,7356,172,6756,172,160,0,0,0,0,15,49,54,39,8966,49,8966,153,8231,153,140,0,0,0,0,15,39,43,28,7250,39,7250,156,6826,156,149,0,0,0,0,15,66,74,59,11167,66,11167,228,10514,228,212,0,0,0,0,15,18,23,8,3954,18,3954,60,3516,60,52,0,0,0,0,15,36,41,26,6920,36,6920,147,6527,147,138,0,0,0,0,15,39,45,30,7125,39,7125,144,6596,144,133,0,0,0,0,15,25,29,14,5246,25,5246,86,5000,86,80,0,0,0,0,15,39,44,29,6761,39,6761,137,6287,137,126,0,0,0,0,15,23,27,12,5187,23,5187,82,4846,82,75,0,0,0,0,7,0,-7,5,0,-5,4,0,-4,6,0,-6,7,0,-7,5,0,-5,6,0,-6,4,0,-4,6,0,-6,6,0,-6,7,0,-7,5,0,-5,6,0,-6,6,0,-6,6,0,-6,5,0,-5,802383,1784,1265,40930,31400,1265,0,66432,100,0,0,48,54,43,74,23,41,45,29,44,27,6756,8231,6826,10514,3516,6527,6596,5000,6287,4846,160,140,149,212,52,138,133,80,126,75,0,,,,,,
39,1,1,1,1,0,0,0,1,1,78,1170,1,1,78,1170,1,1,1,1,1,2,,1,1,1,0,15,24,27,12,4695,24,4695,82,4411,82,78,0,0,0,0,15,68,77,62,12315,68,12315,198,11687,198,187,0,0,0,0,15,27,33,18,5047,27,5047,96,4886,96,92,0,0,0,0,15,48,51,36,8170,48,8170,155,7638,155,143,0,0,0,0,15,16,19,4,3559,16,3559,56,3284,56,51,0,0,0,0,15,31,39,24,6027,31,6027,113,5425,113,102,0,0,0,0,15,29,36,21,5648,29,5648,100,5240,100,92,0,0,0,0,15,35,41,26,6463,35,6463,116,6196,116,110,0,0,0,0,15,44,49,34,7703,44,7703,149,7163,149,138,0,0,0,0,15,33,38,23,6063,33,6063,105,5817,105,99,0,0,0,0,5,0,-5,4,0,-4,5,0,-5,4,0,-4,4,0,-4,5,0,-5,5,0,-5,6,0,-6,5,0,-5,5,0,-5,5,0,-5,5,0,-5,5,0,-5,5,0,-5,5,0,-5,5,0,-5,787624,1580,1092,37244,28778,1092,0,62464,78,0,0,27,77,33,51,19,39,36,41,49,38,4411,11687,4886,7638,3284,5425,5240,6196,7163,5817,78,187,92,143,51,102,92,110,138,99,0,,,,,,
40,1,1,1,1,0,0,0,1,1,34,510,1,1,34,510,1,1,1,1,1,2,,1,1,1,0,15,8,16,1,2178,8,2178,37,2092,37,36,0,0,0,0,15,33,39,24,6288,33,6288,95,6146,95,92,0,0,0,0,15,13,17,2,2448,13,2448,50,2409,50,49,0,0,0,0,15,17,20,5,3430,17,3430,63,3151,63,57,0,0,0,0,15,6,8,-7,1676,6,1676,27,1582,27,25,0,0,0,0,15,7,13,-2,2282,7,2282,40,2045,40,36,0,0,0,0,15,9,14,-1,2617,9,2617,45,2398,45,42,0,0,0,0,15,14,17,2,2979,14,2979,50,2839,50,47,0,0,0,0,15,16,21,6,3108,16,3108,63,2983,63,60,0,0,0,0,15,10,16,1,2432,10,2432,40,2332,40,37,0,0,0,0,5,0,-5,1,0,-1,0,0,0,3,0,-3,4,0,-4,1,0,-1,1,0,-1,4,0,-4,4,0,-4,0,0,0,0,0,0,3,0,-3,4,0,-4,1,0,-1,0,0,0,3,0,-3,765486,696,481,16727,12998,481,0,27520,29,0,0,16,39,17,20,8,13,14,17,21,16,2092,6146,2409,3151,1582,2045,2398,2839,2983,2332,36,92,49,57,25,36,42,47,60,37,0,,,,,,
41,7,7,7,7,0,0,0,7,7,80,1200,7,7,80,1200,7,7,7,7,7,5,,1,1,1,0,15,26,28,13,4869,26,4869,99,4507,99,93,0,0,0,0,15,30,36,21,5913,30,5913,96,5707,96,93,0,0,0,0,15,23,28,13,4483,23,4483,83,4009,83,75,0,0,0,0,15,34,39,24,6212,34,6212,118,5762,118,111,0,0,0,0,15,38,45,30,7120,38,7120,125,6900,125,121,0,0,0,0,15,26,32,17,5391,26,5391,100,4762,100,89,0,0,0,0,15,31,35,20,5782,31,5782,101,5163,101,90,0,0,0,0,15,62,70,55,10841,62,10841,200,10568,200,194,0,0,0,0,15,23,28,13,4467,23,4467,88,3998,88,82,0,0,0,0,15,58,63,48,10210,58,10210,190,9815,190,182,0,0,0,0,5,0,-5,5,0,-5,6,0,-6,5,0,-5,5,0,-5,5,0,-5,6,0,-6,6,0,-6,4,0,-4,5,0,-5,4,0,-4,5,0,-5,3,0,-3,4,0,-4,6,0,-6,6,0,-6,774440,1614,1130,35596,26962,1130,0,61952,70,0,0,28,36,28,39,45,32,35,70,28,63,4507,5707,4009,5762,6900,4762,5163,10568,3998,9815,93,93,75,111,121,89,90,194,82,182,0,,,,,,
42,4,4,4,4,0,0,0,4,4,113,1695,4,4,113,1695,4,4,4,4,4,9,,1,1,1,0,15,35,39,24,6574,35,6574,136,6141,136,127,0,0,0,0,15,50,58,43,9123,50,9123,135,8834,135,131,0,0,0,0,15,35,39,24,6701,35,6701,131,6370,131,123,0,0,0,0,15,51,57,42,9327,51,9327,175,8446,175,161,0,0,0,0,15,74,78,63,12863,74,12863,234,12207,234,220,0,0,0,0,15,35,40,25,7059,35,7059,138,6430,138,128,0,0,0,0,15,38,46,31,7164,38,7164,125,6293,125,112,0,0,0,0,15,67,69,54,11331,67,11331,207,11022,207,199,0,0,0,0,15,50,55,40,9311,50,9311,179,8541,179,165,0,0,0,0,15,69,73,58,11919,69,11919,235,11302,235,221,0,0,0,0,8,0,-8,7,0,-7,9,0,-9,7,0,-7,8,0,-8,7,0,-7,8,0,-8,7,0,-7,6,0,-6,6,0,-6,6,0,-6,6,0,-6,7,0,-7,7,0,-7,7,0,-7,7,0,-7,802903,2254,1587,55026,42976,1587,0,85376,108,0,0,39,58,39,57,78,40,46,69,55,73,6141,8834,6370,8446,12207,6430,6293,11022,8541,11302,127,131,123,161,220,128,112,199,165,221,0,,,,,,
43,2,2,2,2,0,0,0,2,2,75,1125,2,2,75,1125,2,2,2,2,2,0,,1,1,1,0,15,30,32,17,5571,30,5571,132,5231,132,122,0,0,0,0,15,37,38,23,6732,37,6732,113,6384,113,107,0,0,0,0,15,39,47,32,6866,39,6866,156,6576,156,147,0,0,0,0,15,36,42,27,6721,36,6721,137,6325,137,127,0,0,0,0,15,29,31,16,5556,29,5556,98,5125,98,90,0,0,0,0,15,19,26,11,4626,19,4626,90,4413,90,85,0,0,0,0,15,28,31,16,5302,28,5302,125,4871,125,115,0,0,0,0,15,14,19,4,3464,14,3464,59,3252,59,55,0,0,0,0,15,37,45,30,6845,37,6845,134,6383,134,122,0,0,0,0,15,23,29,14,4567,23,4567,81,4385,81,78,0,0,0,0,6,0,-6,5,0,-5,5,0,-5,4,0,-4,3,0,-3,5,0,-5,5,0,-5,5,0,-5,4,0,-4,4,0,-4,5,0,-5,5,0,-5,3,0,-3,5,0,-5,6,0,-6,5,0,-5,804743,1463,1048,32089,24284,1048,0,53120,77,0,0,32,38,47,42,31,26,31,19,45,29,5231,6384,6576,6325,5125,4413,4871,3252,6383,4385,122,107,147,127,90,85,115,55,122,78,0,,,,,,
44,3,3,3,3,0,0,0,3,3,84,1260,3,3,84,1260,3,3,3,3,3,6,,1,1,1,0,15,27,36,21,4938,27,4938,106,4863,106,103,0,0,0,0,15,44,50,35,7932,44,7932,133,7545,133,126,0,0,0,0,15,30,32,17,5273,30,5273,123,4993,123,117,0,0,0,0,15,58,60,45,9582,58,9582,197,8892,197,183,0,0,0,0,15,22,27,12,4582,22,4582,82,4269,82,75,0,0,0,0,15,39,45,30,6919,39,6919,139,6455,139,129,0,0,0,0,15,35,42,27,6622,35,6622,127,6133,127,117,0,0,0,0,15,36,43,28,7000,36,7000,126,6736,126,120,0,0,0,0,15,31,35,20,5622,31,5622,115,5118,115,106,0,0,0,0,15,36,37,22,6581,36,6581,112,6321,112,106,0,0,0,0,5,0,-5,4,0,-4,6,0,-6,6,0,-6,5,0,-5,2,0,-2,6,0,-6,4,0,-4,7,0,-7,4,0,-4,6,0,-6,7,0,-7,7,0,-7,4,0,-4,5,0,-5,6,0,-6,778131,1673,1182,38642,29702,1182,0,62848,78,0,0,36,50,32,60,27,45,42,43,35,37,4863,7545,4993,8892,4269,6455,6133,6736,5118,6321,103,126,117,183,75,129,117,120,106,106,0,,,,,,
45,5,5,3,3,0,0,0,3,3,99,1485,3,3,99,1485,3,3,3,3,3,3,,1,1,1,0,15,47,50,35,8378,47,8378,176,7852,176,165,0,0,0,0,15,22,26,11,5013,22,5013,85,4706,85,79,0,0,0,0,15,28,34,19,5287,28,5287,102,4732,102,94,0,0,0,0,15,74,81,66,12227,74,12227,237,11246,237,219,0,0,0,0,15,38,42,27,7260,38,7260,117,6797,117,110,0,0,0,0,15,62,69,54,10895,62,10895,220,10168,220,204,0,0,0,0,15,41,48,33,7723,41,7723,146,7043,146,136,0,0,0,0,15,28,33,18,5600,28,5600,95,5244,95,88,0,0,0,0,15,53,56,41,9006,53,9006,179,8352,179,166,0,0,0,0,15,38,44,29,7246,38,7246,128,6714,128,118,0,0,0,0,7,0,-7,7,0,-7,7,0,-7,9,0,-9,4,0,-4,5,0,-5,7,0,-7,7,0,-7,5,0,-5,4,0,-4,6,0,-6,6,0,-6,6,0,-6,5,0,-5,6,0,-6,8,0,-8,848338,1961,1379,48254,37768,1379,0,74496,106,0,0,50,26,34,81,42,69,48,33,56,44,7852,4706,4732,11246,6797,10168,7043,5244,8352,6714,165,79,94,219,110,204,136,88,166,118,0,,,,,,
46,1,5,3,3,0,0,0,3,3,85,1275,3,3,85,1275,3,3,3,3,3,9,,1,1,1,0,15,23,30,15,4494,23,4494,97,4070,97,90,0,0,0,0,15,45,49,34,8051,45,8051,118,7693,118,114,0,0,0,0,15,25,28,13,4963,25,4963,108,4569,108,103,0,0,0,0,15,55,60,45,9703,55,9703,206,8842,206,188,0,0,0,0,15,29,37,22,5711,29,5711,101,5251,101,93,0,0,0,0,15,35,42,27,6644,35,6644,141,6451,141,136,0,0,0,0,15,37,42,27,6739,37,6739,123,6238,123,114,0,0,0,0,15,39,42,27,7219,39,7219,124,6917,124,117,0,0,0,0,15,29,34,19,5585,29,5585,120,5145,120,112,0,0,0,0,15,41,49,34,7718,41,7718,137,7360,137,130,0,0,0,0,6,0,-6,6,0,-6,6,0,-6,5,0,-5,6,0,-6,5,0,-5,5,0,-5,5,0,-5,5,0,-5,5,0,-5,5,0,-5,6,0,-6,6,0,-6,5,0,-5,5,0,-5,4,0,-4,782795,1695,1197,39781,30723,1197,0,63744,78,0,0,30,49,28,60,37,42,42,42,34,49,4070,7693,4569,8842,5251,6451,6238,6917,5145,7360,90,114,103,188,93,136,114,117,112,130,0,,,,,,
47,2,2,2,2,0,0,0,4,2,79,1185,4,2,79,1185,2,4,2,2,2,9,,0,1,1,0,15,24,31,16,5126,24,5126,111,4814,111,105,0,0,0,0,15,32,38,23,5941,32,5941,122,5656,122,115,0,0,0,0,15,41,48,33,7173,41,7173,173,6706,173,159,0,0,0,0,15,24,33,18,4716,24,4716,101,4420,101,93,0,0,0,0,15,37,41,26,7267,37,7267,146,6886,146,135,0,0,0,0,15,18,21,6,4198,18,4198,86,4098,86,84,0,0,0,0,15,36,39,24,6620,36,6620,135,6007,135,126,0,0,0,0,15,30,37,22,5995,30,5995,99,5801,99,96,0,0,0,0,15,22,30,15,4404,22,4404,94,4249,94,90,0,0,0,0,15,33,38,23,6131,33,6131,118,5976,118,115,0,0,0,0,3,0,-3,3,0,-3,4,0,-4,6,0,-6,5,0,-5,4,0,-4,6,0,-6,6,0,-6,7,0,-7,4,0,-4,5,0,-5,8,0,-8,4,0,-4,2,0,-2,5,0,-5,7,0,-7,774751,1553,1118,36486,28207,1118,0,55680,67,0,0,31,38,48,33,41,21,39,37,30,38,4814,5656,6706,4420,6886,4098,6007,5801,4249,5976,105,115,159,93,135,84,126,96,90,115,0,,,,,,
48,4,4,4,4,0,0,0,4,4,164,2460,4,4,164,2460,4,4,4,4,4,0,,1,1,1,0,15,66,74,59,11527,66,11527,258,10527,258,236,0,0,0,0,15,50,54,39,9184,50,9184,135,8647,135,127,0,0,0,0,15,43,47,32,8224,43,8224,160,7783,160,151,0,0,0,0,15,85,88,73,14637,85,14637,284,13531,284,264,0,0,0,0,15,101,110,95,17597,101,17597,332,16779,332,313,0,0,0,0,15,76,83,68,12756,76,12756,263,11773,263,245,0,0,0,0,15,60,67,52,10411,60,10411,200,9591,200,186,0,0,0,0,15,78,80,65,14002,78,14002,257,13487,257,244,0,0,0,0,15,71,76,61,12169,71,12169,248,11514,248,235,0,0,0,0,15,95,100,85,15963,95,15963,323,15251,323,305,0,0,0,0,11,0,-11,13,0,-13,11,0,-11,9,0,-9,11,0,-11,10,0,-10,9,0,-9,10,0,-10,11,0,-11,12,0,-12,10,0,-10,10,0,-10,9,0,-9,11,0,-11,9,0,-9,8,0,-8,852667,3249,2306,75938,58586,2306,0,120704,154,0,0,74,54,47,88,110,83,67,80,76,100,10527,8647,7783,13531,16779,11773,9591,13487,11514,15251,236,127,151,264,313,245,186,244,235,305,0,,,,,,
49,4,4,4,4,0,0,0,4,4,105,1575,4,4,105,1575,4,4,4,4,4,8,,1,1,1,0,15,42,47,32,7094,42,7094,176,6290,176,159,0,0,0,0,15,19,23,8,4006,19,4006,64,4006,64,64,0,0,0,0,15,38,43,28,6823,38,6823,155,6576,155,147,0,0,0,0,15,35,41,26,6755,35,6755,155,6294,155,144,0,0,0,0,15,76,81,66,13573,76,13573,259,12922,259,244,0,0,0,0,15,31,34,19,5980,31,5980,127,5566,127,119,0,0,0,0,15,44,46,31,8127,44,8127,166,7220,166,149,0,0,0,0,15,41,47,32,7401,41,7401,143,7100,143,138,0,0,0,0,15,34,37,22,6703,34,6703,133,6331,133,125,0,0,0,0,15,56,63,48,9874,56,9874,197,9360,197,185,0,0,0,0,8,0,-8,10,0,-10,6,0,-6,6,0,-6,6,0,-6,8,0,-8,5,0,-5,6,0,-6,6,0,-6,8,0,-8,5,0,-5,7,0,-7,7,0,-7,8,0,-8,4,0,-4,5,0,-5,812155,2041,1474,48008,37131,1474,0,72576,101,0,0,47,23,43,41,81,34,46,47,37,63,6290,4006,6576,6294,12922,5566,7220,7100,6331,9360,159,64,147,144,244,119,149,138,125,185,0,,,,,,
50,6,6,6,6,0,0,0,6,6,92,1380,6,6,92,1380,6,6,6,6,6,3,,1,1,1,0,15,37,43,28,7246,37,7246,143,6656,143,132,0,0,0,0,15,38,42,27,7004,38,7004,129,6448,129,118,0,0,0,0,15,37,41,26,6477,37,6477,132,5860,132,116,0,0,0,0,15,44,51,36,8153,44,8153,153,7632,153,142,0,0,0,0,15,35,39,24,6646,35,6646,113,6080,113,102,0,0,0,0,15,42,46,31,7605,42,7605,145,6975,145,130,0,0,0,0,15,62,67,52,10489,62,10489,210,9478,210,190,0,0,0,0,15,29,33,18,5406,29,5406,94,5150,94,88,0,0,0,0,15,37,45,30,6820,37,6820,132,6251,132,120,0,0,0,0,15,40,42,27,7670,40,7670,129,7115,129,118,0,0,0,0,6,0,-6,7,0,-7,4,0,-4,7,0,-7,6,0,-6,6,0,-6,4,0,-4,5,0,-5,7,0,-7,5,0,-5,4,0,-4,6,0,-6,7,0,-7,7,0,-7,4,0,-4,7,0,-7,801713,1795,1256,44314,34708,1256,0,68992,94,0,0,43,42,41,51,39,46,67,33,45,42,6656,6448,5860,7632,6080,6975,9478,5150,6251,7115,132,118,116,142,102,130,190,88,120,118,0,,,,,,
51,3,3,3,3,0,0,0,3,3,168,2520,3,3,168,2520,3,3,3,3,3,4,,1,1,1,0,15,75,81,66,12763,75,12763,293,11747,293,274,0,0,0,0,15,69,73,58,11885,69,11885,215,11147,215,200,0,0,0,0,15,49,53,38,9208,49,9208,235,8433,235,216,0,0,0,0,15,95,98,83,15607,95,15607,340,14162,340,312,0,0,0,0,15,65,68,53,11843,65,11843,240,11381,240,227,0,0,0,0,15,74,78,63,13176,74,13176,285,12357,285,268,0,0,0,0,15,58,62,47,9998,58,9998,232,9124,232,214,0,0,0,0,15,64,70,55,11371,64,11371,225,10913,225,213,0,0,0,0,15,57,60,45,10178,57,10178,202,9431,202,189,0,0,0,0,15,79,83,68,13712,79,13712,253,12837,253,234,0,0,0,0,12,0,-12,12,0,-12,10,0,-10,11,0,-11,11,0,-11,9,0,-9,10,0,-10,10,0,-10,10,0,-10,11,0,-11,11,0,-11,11,0,-11,11,0,-11,9,0,-9,9,0,-9,11,0,-11,878858,3241,2347,74323,57056,2347,0,114432,173,0,0,81,73,53,98,68,78,62,70,60,83,11747,11147,8433,14162,11381,12357,9124,10913,9431,12837,274,200,216,312,227,268,214,213,189,234,0,,,,,,
52,5,5,5,5,0,0,0,5,5,109,1635,5,5,109,1635,5,5,5,5,5,1,,1,1,1,0,15,57,61,46,9598,57,9598,213,8876,213,198,0,0,0,0,15,37,42,27,6994,37,6994,129,6667,129,122,0,0,0,0,15,24,28,13,4864,24,4864,101,4460,101,94,0,0,0,0,15,56,58,43,9462,56,9462,194,8833,194,181,0,0,0,0,15,53,59,44,9780,53,9780,180,9197,180,167,0,0,0,0,15,64,69,54,10940,64,10940,232,9864,232,212,0,0,0,0,15,43,52,37,7657,43,7657,156,7024,156,144,0,0,0,0,15,42,47,32,7885,42,7885,132,7527,132,124,0,0,0,0,15,38,41,26,6712,38,6712,135,6203,135,126,0,0,0,0,15,49,56,41,8805,49,8805,163,8244,163,151,0,0,0,0,7,0,-7,8,0,-8,6,0,-6,8,0,-8,7,0,-7,6,0,-6,8,0,-8,8,0,-8,7,0,-7,5,0,-5,7,0,-7,8,0,-8,7,0,-7,6,0,-6,5,0,-5,6,0,-6,812047,2141,1519,48737,37301,1519,0,79616,116,0,0,61,42,28,58,59,69,52,47,41,56,8876,6667,4460,8833,9197,9864,7024,7527,6203,8244,198,122,94,181,167,212,144,124,126,151,0,,,,,,
53,5,5,3,3,0,0,0,3,3,79,1185,3,3,79,1185,3,3,3,3,3,5,,1,1,1,0,15,42,50,35,7804,42,7804,181,7083,181,167,0,0,0,0,15,20,24,9,3993,20,3993,66,3711,66,59,0,0,0,0,15,27,36,21,5271,27,5271,123,4894,123,116,0,0,0,0,15,48,55,40,7967,48,7967,188,7443,188,177,0,0,0,0,15,29,32,17,5985,29,5985,119,5733,119,112,0,0,0,0,15,37,46,31,6961,37,6961,152,6330,152,142,0,0,0,0,15,18,19,4,3440,18,3440,86,3195,86,81,0,0,0,0,15,15,19,4,3734,15,3734,68,3488,68,63,0,0,0,0,15,27,34,19,5387,27,5387,106,5056,106,99,0,0,0,0,15,24,30,15,5123,24,5123,96,4729,96,89,0,0,0,0,2,0,-2,5,0,-5,4,0,-4,4,0,-4,5,0,-5,6,0,-6,8,0,-8,7,0,-7,6,0,-6,3,0,-3,6,0,-6,6,0,-6,3,0,-3,3,0,-3,6,0,-6,5,0,-5,811209,1529,1105,33874,25726,1105,0,54272,80,0,0,50,24,36,55,32,46,19,19,34,30,7083,3711,4894,7443,5733,6330,3195,3488,5056,4729,167,59,116,177,112,142,81,63,99,89,0,,,,,,
54,6,2,2,2,0,0,0,2,2,162,2430,2,2,162,2430,2,2,2,2,2,3,,1,1,1,0,15,74,78,63,12083,74,12083,326,11181,326,300,0,0,0,0,15,59,63,48,10554,59,10554,203,10184,203,194,0,0,0,0,15,77,83,68,12958,77,12958,334,12089,334,310,0,0,0,0,15,65,68,53,11188,65,11188,263,10120,263,241,0,0,0,0,15,60,67,52,11048,60,11048,251,10547,251,236,0,0,0,0,15,50,54,39,9565,50,9565,215,8919,215,198,0,0,0,0,15,59,66,51,10461,59,10461,255,9659,255,238,0,0,0,0,15,43,50,35,8191,43,8191,180,7753,180,170,0,0,0,0,15,49,56,41,9146,49,9146,206,8496,206,190,0,0,0,0,15,54,57,42,9666,54,9666,197,9043,197,182,0,0,0,0,11,0,-11,12,0,-12,10,0,-10,7,0,-7,8,0,-8,12,0,-12,10,0,-10,8,0,-8,9,0,-9,9,0,-9,9,0,-9,11,0,-11,12,0,-12,12,0,-12,11,0,-11,11,0,-11,905563,3063,2259,70302,54021,2259,0,102912,171,0,0,78,63,83,68,67,54,66,50,56,57,11181,10184,12089,10120,10547,8919,9659,7753,8496,9043,300,194,310,241,236,198,238,170,190,182,0,,,,,,
55,0,0,0,0,0,0,0,0,3,122,1830,0,3,122,1830,3,0,3,3,3,9,,0,1,1,0,15,67,72,57,11860,67,11860,242,11060,242,229,0,0,0,0,15,29,32,17,5625,29,5625,97,5086,97,88,0,0,0,0,15,40,43,28,7469,40,7469,150,6895,150,139,0,0,0,0,15,68,74,59,11414,68,11414,229,10502,229,212,0,0,0,0,15,46,50,35,8576,46,8576,153,8097,153,143,0,0,0,0,15,67,72,57,11358,67,11358,230,10641,230,215,0,0,0,0,15,55,58,43,9523,55,9523,189,8835,189,175,0,0,0,0,15,43,51,36,8241,43,8241,150,7702,150,139,0,0,0,0,15,62,64,49,10536,62,10536,218,9728,218,203,0,0,0,0,15,50,57,42,9323,50,9323,172,8865,172,162,0,0,0,0,8,0,-8,8,0,-8,7,0,-7,6,0,-6,9,0,-9,8,0,-8,7,0,-7,7,0,-7,8,0,-8,11,0,-11,7,0,-7,6,0,-6,9,0,-9,10,0,-10,6,0,-6,5,0,-5,818693,2400,1705,55930,43113,1705,0,88960,125,0,0,72,32,43,74,50,72,58,51,64,57,11060,5086,6895,10502,8097,10641,8835,7702,9728,8865,229,88,139,212,143,215,175,139,203,162,0,,,,,,
56,4,4,4,4,0,0,0,4,4,128,1920,4,4,128,1920,4,4,4,4,4,2,,1,1,1,0,15,61,67,52,10167,61,10167,243,9385,243,224,0,0,0,0,15,27,30,15,5107,27,5107,78,4993,78,75,0,0,0,0,15,37,41,26,7330,37,7330,156,6979,156,148,0,0,0,0,15,47,50,35,8746,47,8746,191,7972,191,178,0,0,0,0,15,79,87,72,13582,79,13582,291,12906,291,272,0,0,0,0,15,52,58,43,9659,52,9659,214,8934,214,200,0,0,0,0,15,50,53,38,8625,50,8625,181,7830,181,166,0,0,0,0,15,45,51,36,8568,45,8568,165,8217,165,158,0,0,0,0,15,43,49,34,8036,43,8036,172,7437,172,162,0,0,0,0,15,65,71,56,11573,65,11573,229,10842,229,213,0,0,0,0,7,0,-7,8,0,-8,8,0,-8,8,0,-8,9,0,-9,7,0,-7,9,0,-9,8,0,-8,8,0,-8,7,0,-7,11,0,-11,9,0,-9,7,0,-7,8,0,-8,7,0,-7,7,0,-7,833935,2481,1796,60187,46969,1796,0,87680,124,0,0,67,30,41,50,87,58,53,51,49,71,9385,4993,6979,7972,12906,8934,7830,8217,7437,10842,224,75,148,178,272,200,166,158,162,213,0,,,,,,
57,1,1,1,1,0,0,0,1,1,51,765,1,1,51,765,1,1,1,1,1,2,,1,1,1,0,15,15,18,3,3172,15,3172,53,2761,53,48,0,0,0,0,15,60,61,46,10195,60,10195,156,9350,156,143,0,0,0,0,15,17,25,10,3382,17,3382,65,3223,65,61,0,0,0,0,15,34,37,22,5989,34,5989,109,5281,109,96,0,0,0,0,15,9,14,-1,2530,9,2530,36,2323,36,33,0,0,0,0,15,14,22,7,3430,14,3430,64,2909,64,54,0,0,0,0,15,14,22,7,3225,14,3225,52,3022,52,49,0,0,0,0,15,13,17,2,3002,13,3002,60,2755,60,55,0,0,0,0,15,28,35,20,5313,28,5313,101,4795,101,92,0,0,0,0,15,19,22,7,3821,19,3821,69,3641,69,64,0,0,0,0,2,0,-2,3,0,-3,4,0,-4,4,0,-4,2,0,-2,2,0,-2,4,0,-4,4,0,-4,2,0,-2,3,0,-3,4,0,-4,4,0,-4,2,0,-2,3,0,-3,4,0,-4,4,0,-4,764074,1018,695,23893,18429,695,0,41344,55,0,0,18,61,25,37,14,22,22,17,35,22,2761,9350,3223,5281,2323,2909,3022,2755,4795,3641,48,143,61,96,33,54,49,55,92,64,0,,,,,,
58,9,9,9,9,0,0,0,9,9,121,1815,9,9,121,1815,9,9,9,9,9,0,,1,1,1,0,15,54,59,44,9414,54,9414,207,8505,207,190,0,0,0,0,15,34,38,23,6719,34,6719,102,6357,102,97,0,0,0,0,15,28,35,20,5920,28,5920,117,5508,117,110,0,0,0,0,15,46,53,38,8483,46,8483,164,7875,164,153,0,0,0,0,15,75,82,67,12924,75,12924,257,12322,257,244,0,0,0,0,15,44,49,34,8558,44,8558,159,7805,159,146,0,0,0,0,15,51,53,38,9001,51,9001,174,8166,174,160,0,0,0,0,15,64,70,55,11479,64,11479,216,11039,216,206,0,0,0,0,15,43,46,31,7573,43,7573,147,6952,147,136,0,0,0,0,15,78,86,71,13475,78,13475,272,12711,272,255,0,0,0,0,7,0,-7,8,0,-8,8,0,-8,8,0,-8,9,0,-9,8,0,-8,8,0,-8,5,0,-5,7,0,-7,8,0,-8,7,0,-7,7,0,-7,9,0,-9,7,0,-7,8,0,-8,7,0,-7,846436,2389,1697,57320,44562,1697,0,88576,118,0,0,59,38,35,53,82,49,53,70,46,86,8505,6357,5508,7875,12322,7805,8166,11039,6952,12711,190,97,110,153,244,146,160,206,136,255,0,,,,,,
59,5,5,5,5,0,0,0,1,5,59,885,1,5,59,885,1,1,1,1,1,5,,1,0,0,0,15,18,24,9,3912,18,3912,88,3830,88,86,0,0,0,0,15,30,38,23,5727,30,5727,107,5476,107,104,0,0,0,0,15,17,23,8,3452,17,3452,70,3334,70,67,0,0,0,0,15,14,19,4,3675,14,3675,72,3440,72,66,0,0,0,0,15,29,31,16,5693,29,5693,102,5343,102,96,0,0,0,0,15,31,35,20,5555,31,5555,125,4861,125,112,0,0,0,0,15,19,25,10,3960,19,3960,70,3661,70,64,0,0,0,0,15,20,24,9,3933,20,3933,86,3854,86,84,0,0,0,0,15,19,24,9,3712,19,3712,85,3433,85,80,0,0,0,0,15,20,23,8,3917,20,3917,80,3771,80,75,0,0,0,0,4,0,-4,5,0,-5,4,0,-4,3,0,-3,4,0,-4,4,0,-4,5,0,-5,3,0,-3,3,0,-3,4,0,-4,4,0,-4,4,0,-4,3,0,-3,1,0,-1,4,0,-4,4,0,-4,765824,1159,834,27110,20931,834,0,41600,51,0,0,24,38,23,19,31,35,25,24,24,23,3830,5476,3334,3440,5343,4861,3661,3854,3433,3771,86,104,67,66,96,112,64,84,80,75,0,,,,,,
60,7,7,7,7,0,0,0,7,7,112,1680,7,7,112,1680,7,7,7,7,7,3,,1,1,1,0,15,36,43,28,6878,36,6878,159,6178,159,147,0,0,0,0,15,27,31,16,5267,27,5267,113,5037,113,108,0,0,0,0,15,21,24,9,4531,21,4531,109,3946,109,100,0,0,0,0,15,49,55,40,8515,49,8515,205,7841,205,187,0,0,0,0,15,43,50,35,8081,43,8081,196,7723,196,188,0,0,0,0,15,40,46,31,7457,40,7457,180,6996,180,169,0,0,0,0,15,37,42,27,6852,37,6852,153,6320,153,141,0,0,0,0,15,63,72,57,11142,63,11142,250,10733,250,239,0,0,0,0,15,21,25,10,4622,21,4622,106,4213,106,100,0,0,0,0,15,57,59,44,10120,57,10120,209,9350,209,191,0,0,0,0,8,0,-8,6,0,-6,6,0,-6,5,0,-5,6,0,-6,6,0,-6,7,0,-7,6,0,-6,8,0,-8,8,0,-8,7,0,-7,8,0,-8,8,0,-8,8,0,-8,8,0,-8,7,0,-7,847312,2129,1570,50438,39122,1570,0,71552,110,0,0,43,31,24,55,50,46,42,72,25,59,6178,5037,3946,7841,7723,6996,6320,10733,4213,9350,147,108,100,187,188,169,141,239,100,191,0,,,,,,
61,8,8,8,8,0,0,0,9,0,145,2175,9,0,145,2175,0,9,0,0,0,6,,0,1,1,0,15,75,80,65,12581,75,12581,286,11765,286,269,0,0,0,0,15,50,55,40,9040,50,9040,162,8518,162,153,0,0,0,0,15,66,71,56,10854,66,10854,244,10261,244,228,0,0,0,0,15,50,58,43,9344,50,9344,166,8967,166,156,0,0,0,0,15,63,68,53,11169,63,11169,214,10318,214,196,0,0,0,0,15,62,68,53,11094,62,11094,225,10562,225,211,0,0,0,0,15,57,66,51,10502,57,10502,211,9691,211,197,0,0,0,0,15,63,66,51,11289,63,11289,204,11002,204,199,0,0,0,0,15,64,71,56,11308,64,11308,240,10810,240,225,0,0,0,0,15,70,76,61,12731,70,12731,223,12205,223,212,0,0,0,0,11,0,-11,9,0,-9,8,0,-8,8,0,-8,8,0,-8,10,0,-10,7,0,-7,8,0,-8,8,0,-8,8,0,-8,9,0,-9,11,0,-11,10,0,-10,10,0,-10,11,0,-11,9,0,-9,841124,2870,2046,66787,51468,2046,0,105472,129,0,0,80,55,71,58,68,68,66,66,71,76,11765,8518,10261,8967,10318,10562,9691,11002,10810,12205,269,153,228,156,196,211,197,199,225,212,0,,,,,,
62,9,8,9,9,0,0,0,9,9,72,1080,9,9,72,1080,9,9,9,9,9,0,,1,1,1,0,15,26,28,13,4734,26,4734,93,4329,93,86,0,0,0,0,15,20,23,8,3915,20,3915,66,3660,66,63,0,0,0,0,15,24,29,14,4770,24,4770,91,4655,91,89,0,0,0,0,15,35,39,24,6320,35,6320,116,5814,116,107,0,0,0,0,15,44,43,28,7499,44,7499,135,7129,135,128,0,0,0,0,15,28,32,17,5583,28,5583,104,5224,104,98,0,0,0,0,15,27,33,18,5420,27,5420,94,5088,94,88,0,0,0,0,15,30,37,22,6104,30,6104,108,5884,108,102,0,0,0,0,15,28,36,21,5414,28,5414,112,4974,112,103,0,0,0,0,15,47,50,35,8164,47,8164,161,7796,161,152,0,0,0,0,4,0,-4,4,0,-4,5,0,-5,2,0,-2,3,0,-3,5,0,-5,4,0,-4,4,0,-4,5,0,-5,6,0,-6,6,0,-6,5,0,-5,4,0,-4,6,0,-6,5,0,-5,4,0,-4,777097,1438,1016,34144,26460,1016,0,54016,64,0,0,28,23,29,39,43,32,33,37,36,50,4329,3660,4655,5814,7129,5224,5088,5884,4974,7796,86,63,89,107,128,98,88,102,103,152,0,,,,,,
63,3,3,2,2,0,0,0,3,3,102,1530,3,3,102,1530,3,3,3,3,3,8,,1,1,1,0,15,41,48,33,7333,41,7333,158,6883,158,147,0,0,0,0,15,47,53,38,8913,47,8913,149,8543,149,142,0,0,0,0,15,49,53,38,8317,49,8317,184,7922,184,176,0,0,0,0,15,56,57,42,9677,56,9677,196,9131,196,185,0,0,0,0,15,44,49,34,8107,44,8107,136,7584,136,125,0,0,0,0,15,34,39,24,6382,34,6382,124,5966,124,115,0,0,0,0,15,35,43,28,6979,35,6979,130,6563,130,122,0,0,0,0,15,40,44,29,7247,40,7247,127,7064,127,123,0,0,0,0,15,47,51,36,8149,47,8149,163,7748,163,155,0,0,0,0,15,51,56,41,8991,51,8991,163,8825,163,159,0,0,0,0,5,0,-5,7,0,-7,5,0,-5,4,0,-4,6,0,-6,6,0,-6,7,0,-7,8,0,-8,8,0,-8,8,0,-8,6,0,-6,6,0,-6,7,0,-7,8,0,-8,6,0,-6,5,0,-5,795466,2044,1449,47529,36612,1449,0,76160,81,0,0,48,53,53,57,49,39,43,44,51,56,6883,8543,7922,9131,7584,5966,6563,7064,7748,8825,147,142,176,185,125,115,122,123,155,159,0,,,,,,
64,7,7,7,7,0,0,0,7,7,141,2115,7,7,141,2115,7,7,7,7,7,0,,1,1,1,0,15,59,62,47,9878,59,9878,213,9351,213,205,0,0,0,0,15,56,59,44,9812,56,9812,190,9420,190,180,0,0,0,0,15,43,48,33,7926,43,7926,171,7473,171,161,0,0,0,0,15,52,58,43,9403,52,9403,210,8905,210,199,0,0,0,0,15,67,73,58,11924,67,11924,236,11412,236,224,0,0,0,0,15,55,61,46,10064,55,10064,202,9590,202,190,0,0,0,0,15,44,48,33,8058,44,8058,160,7298,160,147,0,0,0,0,15,81,85,70,13788,81,13788,287,13328,287,273,0,0,0,0,15,50,54,39,8424,50,8424,200,7745,200,187,0,0,0,0,15,76,83,68,12867,76,12867,246,12187,246,231,0,0,0,0,8,0,-8,8,0,-8,8,0,-8,10,0,-10,8,0,-8,9,0,-9,7,0,-7,9,0,-9,10,0,-10,9,0,-9,10,0,-10,9,0,-9,11,0,-11,10,0,-10,7,0,-7,8,0,-8,819989,2769,1997,62960,48202,1997,0,98816,118,0,0,62,59,48,58,73,61,48,85,54,83,9351,9420,7473,8905,11412,9590,7298,13328,7745,12187,205,180,161,199,224,190,147,273,187,231,0,,,,,,
65,4,5,9,9,0,0,0,9,3,69,1035,9,3,69,1035,9,9,9,3,9,6,,1,0,0,0,15,16,22,7,3528,16,3528,64,3387,64,62,0,0,0,0,15,30,33,18,5515,30,5515,85,5275,85,81,0,0,0,0,15,11,17,2,2622,11,2622,48,2243,48,42,0,0,0,0,15,45,50,35,7395,45,7395,144,6762,144,132,0,0,0,0,15,31,37,22,5862,31,5862,105,5556,105,99,0,0,0,0,15,36,41,26,6535,36,6535,129,5944,129,119,0,0,0,0,15,29,35,20,5691,29,5691,103,5234,103,95,0,0,0,0,15,25,30,15,5189,25,5189,91,5088,91,88,0,0,0,0,15,31,38,23,5746,31,5746,112,5286,112,104,0,0,0,0,15,43,50,35,8164,43,8164,154,7850,154,148,0,0,0,0,2,0,-2,3,0,-3,7,0,-7,4,0,-4,1,0,-1,4,0,-4,8,0,-8,6,0,-6,1,0,-1,3,0,-3,7,0,-7,6,0,-6,2,0,-2,3,0,-3,7,0,-7,5,0,-5,775060,1392,970,33167,25716,970,0,54016,65,0,0,22,33,17,50,37,41,35,30,38,50,3387,5275,2243,6762,5556,5944,5234,5088,5286,7850,62,81,42,132,99,119,95,88,104,148,0,,,,,,
66,6,2,2,2,0,0,0,0,0,118,1770,0,0,118,1770,0,0,0,0,0,2,,1,1,1,0,15,64,70,55,11115,64,11115,253,10352,253,236,0,0,0,0,15,51,55,40,9316,51,9316,156,8886,156,151,0,0,0,0,15,55,61,46,9343,55,9343,210,8831,210,199,0,0,0,0,15,51,56,41,9052,51,9052,186,8128,186,170,0,0,0,0,15,48,51,36,8421,48,8421,180,7813,180,166,0,0,0,0,15,30,36,21,6133,30,6133,119,5595,119,109,0,0,0,0,15,63,69,54,10784,63,10784,220,9738,220,202,0,0,0,0,15,46,49,34,8360,46,8360,154,7765,154,143,0,0,0,0,15,36,41,26,6991,36,6991,145,6463,145,136,0,0,0,0,15,42,45,30,7923,42,7923,147,7472,147,137,0,0,0,0,7,0,-7,6,0,-6,9,0,-9,10,0,-10,6,0,-6,7,0,-7,8,0,-8,8,0,-8,6,0,-6,8,0,-8,9,0,-9,7,0,-7,5,0,-5,7,0,-7,8,0,-8,7,0,-7,794730,2299,1649,53755,41492,1649,0,83200,106,0,0,70,55,61,56,51,36,69,49,41,45,10352,8886,8831,8128,7813,5595,9738,7765,6463,7472,236,151,199,170,166,109,202,143,136,137,0,,,,,,
67,4,4,4,4,0,0,0,4,4,101,1515,4,4,101,1515,4,4,4,4,4,5,,1,1,1,0,15,42,44,29,7111,42,7111,165,6423,165,149,0,0,0,0,15,20,25,10,3958,20,3958,79,3958,79,79,0,0,0,0,15,38,43,28,6960,38,6960,145,6557,145,135,0,0,0,0,15,32,34,19,6522,32,6522,118,5898,118,106,0,0,0,0,15,68,71,56,11953,68,11953,238,11386,238,224,0,0,0,0,15,33,36,21,6418,33,6418,138,5984,138,127,0,0,0,0,15,40,43,28,7504,40,7504,140,6416,140,123,0,0,0,0,15,48,53,38,8464,48,8464,164,8181,164,157,0,0,0,0,15,39,44,29,7175,39,7175,146,6673,146,134,0,0,0,0,15,51,55,40,9230,51,9230,182,8603,182,169,0,0,0,0,6,0,-6,7,0,-7,5,0,-5,8,0,-8,5,0,-5,7,0,-7,4,0,-4,6,0,-6,7,0,-7,5,0,-5,6,0,-6,9,0,-9,7,0,-7,5,0,-5,5,0,-5,9,0,-9,812373,1951,1403,45905,35501,1403,0,70144,97,0,0,44,25,43,34,71,36,43,53,44,55,6423,3958,6557,5898,11386,5984,6416,8181,6673,8603,149,79,135,106,224,127,123,157,134,169,0,,,,,,
68,3,3,3,3,0,0,0,3,3,154,2310,3,3,154,2310,3,3,3,3,3,5,,1,1,1,0,15,57,63,48,10053,57,10053,205,9127,205,189,0,0,0,0,15,72,76,61,13078,72,13078,205,12329,205,193,0,0,0,0,15,50,55,40,8898,50,8898,187,8399,187,178,0,0,0,0,15,111,118,103,18178,111,18178,377,16695,377,348,0,0,0,0,15,59,61,46,10812,59,10812,188,10265,188,176,0,0,0,0,15,73,81,66,12471,73,12471,260,11518,260,239,0,0,0,0,15,56,61,46,10192,56,10192,188,9365,188,172,0,0,0,0,15,61,67,52,11141,61,11141,202,10800,202,193,0,0,0,0,15,73,79,64,12459,73,12459,256,11498,256,239,0,0,0,0,15,76,80,65,13222,76,13222,242,12477,242,226,0,0,0,0,9,0,-9,11,0,-11,10,0,-10,8,0,-8,10,0,-10,11,0,-11,9,0,-9,10,0,-10,10,0,-10,10,0,-10,8,0,-8,11,0,-11,11,0,-11,8,0,-8,9,0,-9,9,0,-9,877263,3048,2153,71678,55389,2153,0,114560,157,0,0,63,76,55,118,61,81,61,67,79,80,9127,12329,8399,16695,10265,11518,9365,10800,11498,12477,189,193,178,348,176,239,172,193,239,226,0,,,,,,
69,0,0,0,0,0,0,0,0,0,132,1980,0,0,132,1980,0,0,0,0,0,0,,1,1,1,0,15,86,87,72,13117,86,13117,356,12110,356,330,0,0,0,0,15,32,38,23,5994,32,5994,130,5533,130,120,0,0,0,0,15,51,55,40,9118,51,9118,216,8303,216,201,0,0,0,0,15,49,54,39,9403,49,9403,190,8485,190,171,0,0,0,0,15,31,36,21,6491,31,6491,137,5921,137,124,0,0,0,0,15,51,54,39,9460,51,9460,212,8466,212,190,0,0,0,0,15,55,62,47,9994,55,9994,226,9290,226,207,0,0,0,0,15,54,55,40,9626,54,9626,183,9081,183,173,0,0,0,0,15,36,40,25,6970,36,6970,163,6212,163,147,0,0,0,0,15,47,54,39,9417,47,9417,167,8806,167,155,0,0,0,0,11,0,-11,9,0,-9,8,0,-8,7,0,-7,8,0,-8,9,0,-9,7,0,-7,9,0,-9,8,0,-8,9,0,-9,6,0,-6,7,0,-7,9,0,-9,8,0,-8,9,0,-9,8,0,-8,831848,2483,1818,58424,45212,1818,0,85120,132,0,0,87,38,55,54,36,54,62,55,40,54,12110,5533,8303,8485,5921,8466,9290,9081,6212,8806,330,120,201,171,124,190,207,173,147,155,0,,,,,,
70,7,7,7,7,0,0,0,7,7,99,1485,7,7,99,1485,7,7,7,7,7,1,,1,1,1,0,15,38,43,28,6829,38,6829,140,6454,140,136,0,0,0,0,15,24,29,14,4764,24,4764,102,4574,102,98,0,0,0,0,15,17,24,9,3822,17,3822,94,3540,94,89,0,0,0,0,15,35,41,26,6536,35,6536,144,6070,144,134,0,0,0,0,15,38,44,29,6815,38,6815,158,6622,158,153,0,0,0,0,15,34,40,25,6451,34,6451,139,5838,139,127,0,0,0,0,15,41,48,33,7544,41,7544,147,6959,147,136,0,0,0,0,15,77,79,64,12586,77,12586,274,11997,274,261,0,0,0,0,15,23,28,13,4832,23,4832,107,4355,107,99,0,0,0,0,15,48,52,37,9012,48,9012,180,8246,180,164,0,0,0,0,7,0,-7,6,0,-6,6,0,-6,6,0,-6,5,0,-5,7,0,-7,6,0,-6,4,0,-4,6,0,-6,6,0,-6,6,0,-6,7,0,-7,7,0,-7,7,0,-7,7,0,-7,6,0,-6,832758,1924,1397,44236,33990,1397,0,67456,88,0,0,43,29,24,41,44,40,48,79,28,52,6454,4574,3540,6070,6622,5838,6959,11997,4355,8246,136,98,89,134,153,127,136,261,99,164,0,,,,,,
71,0,0,0,0,0,0,0,0,0,189,2835,0,0,189,2835,0,0,0,0,0,2,,1,1,1,0,15,137,142,127,21593,137,21593,539,20058,539,502,0,0,0,0,15,40,43,28,7478,40,7478,145,7047,145,134,0,0,0,0,15,78,85,70,13651,78,13651,334,12734,334,312,0,0,0,0,15,87,91,76,14941,87,14941,322,13948,322,301,0,0,0,0,15,55,60,45,10393,55,10393,229,9811,229,212,0,0,0,0,15,85,91,76,15081,85,15081,338,14028,338,314,0,0,0,0,15,72,74,59,12074,72,12074,291,11036,291,267,0,0,0,0,15,56,58,43,10349,56,10349,195,9771,195,183,0,0,0,0,15,61,67,52,10716,61,10716,248,9812,248,227,0,0,0,0,15,56,62,47,10897,56,10897,194,10359,194,183,0,0,0,0,11,0,-11,12,0,-12,12,0,-12,13,0,-13,12,0,-12,14,0,-14,12,0,-12,9,0,-9,11,0,-11,12,0,-12,11,0,-11,12,0,-12,12,0,-12,12,0,-12,12,0,-12,12,0,-12,854041,3597,2635,82761,63625,2635,0,123136,200,0,0,142,43,85,91,60,91,74,58,67,62,20058,7047,12734,13948,9811,14028,11036,9771,9812,10359,502,134,312,301,212,314,267,183,227,183,0,,,,,,
72,2,2,2,2,0,0,0,0,0,128,1920,0,0,128,1920,0,0,0,0,0,1,,1,1,1,0,15,66,74,59,11724,66,11724,268,11060,268,254,0,0,0,0,15,37,41,26,6937,37,6937,135,6655,135,128,0,0,0,0,15,63,69,54,10782,63,10782,266,10027,266,250,0,0,0,0,15,64,71,56,11194,64,11194,272,10278,272,249,0,0,0,0,15,34,38,23,6769,34,6769,143,6281,143,133,0,0,0,0,15,48,54,39,8615,48,8615,198,7900,198,179,0,0,0,0,15,64,66,51,10930,64,10930,223,10258,223,209,0,0,0,0,15,32,38,23,6193,32,6193,132,5603,132,122,0,0,0,0,15,44,51,36,8279,44,8279,188,7375,188,172,0,0,0,0,15,26,29,14,5903,26,5903,95,5497,95,88,0,0,0,0,7,0,-7,8,0,-8,9,0,-9,9,0,-9,8,0,-8,10,0,-10,9,0,-9,9,0,-9,6,0,-6,9,0,-9,8,0,-8,8,0,-8,7,0,-7,5,0,-5,9,0,-9,7,0,-7,846315,2442,1784,58003,45007,1784,0,84224,121,0,0,74,41,69,71,38,54,66,38,51,29,11060,6655,10027,10278,6281,7900,10258,5603,7375,5497,254,128,250,249,133,179,209,122,172,88,0,,,,,,
73,9,8,8,8,0,0,0,1,1,131,1965,1,1,131,1965,1,1,1,1,1,1,,1,1,1,0,15,52,53,38,8649,52,8649,181,8041,181,173,0,0,0,0,15,74,83,68,13008,74,13008,226,12292,226,213,0,0,0,0,15,50,59,44,8744,50,8744,172,8254,172,163,0,0,0,0,15,70,74,59,11941,70,11941,228,11062,228,211,0,0,0,0,15,54,58,43,10339,54,10339,169,9821,169,159,0,0,0,0,15,56,57,42,9602,56,9602,180,9140,180,170,0,0,0,0,15,39,49,34,8044,39,8044,136,7430,136,126,0,0,0,0,15,68,74,59,11583,68,11583,219,11188,219,209,0,0,0,0,15,69,73,58,11565,69,11565,237,10949,237,223,0,0,0,0,15,69,76,61,11897,69,11897,217,11526,217,209,0,0,0,0,8,0,-8,9,0,-9,8,0,-8,8,0,-8,7,0,-7,9,0,-9,8,0,-8,8,0,-8,9,0,-9,9,0,-9,9,0,-9,9,0,-9,7,0,-7,8,0,-8,7,0,-7,8,0,-8,831040,2643,1856,59811,45678,1856,0,100736,109,0,0,53,83,59,74,58,57,49,74,73,76,8041,12292,8254,11062,9821,9140,7430,11188,10949,11526,173,213,163,211,159,170,126,209,223,209,0,,,,,,
74,1,1,1,1,0,0,0,1,1,66,990,1,1,66,990,1,1,1,1,1,5,,1,1,1,0,15,19,26,11,4305,19,4305,72,4054,72,69,0,0,0,0,15,59,62,47,10397,59,10397,160,9902,160,153,0,0,0,0,15,22,25,10,3923,22,3923,74,3774,74,72,0,0,0,0,15,38,41,26,6905,38,6905,125,6345,125,114,0,0,0,0,15,14,21,6,3317,14,3317,51,3038,51,46,0,0,0,0,15,29,35,20,5488,29,5488,106,5058,106,97,0,0,0,0,15,25,28,13,4650,25,4650,82,4282,82,75,0,0,0,0,15,34,39,24,6433,34,6433,117,6120,117,110,0,0,0,0,15,34,38,23,5857,34,5857,117,5482,117,110,0,0,0,0,15,24,29,14,5021,24,5021,86,4753,86,79,0,0,0,0,5,0,-5,4,0,-4,3,0,-3,5,0,-5,5,0,-5,4,0,-4,2,0,-2,5,0,-5,5,0,-5,4,0,-4,2,0,-2,5,0,-5,5,0,-5,4,0,-4,3,0,-3,5,0,-5,774324,1335,925,30441,23290,925,0,52480,65,0,0,26,62,25,41,21,35,28,39,38,29,4054,9902,3774,6345,3038,5058,4282,6120,5482,4753,69,153,72,114,46,97,75,110,110,79,0,,,,,,
75,7,7,7,7,0,0,0,7,7,105,1575,7,7,105,1575,7,7,7,7,7,2,,1,1,1,0,15,29,36,21,5616,29,5616,111,5173,111,103,0,0,0,0,15,54,60,45,9659,54,9659,164,9354,164,159,0,0,0,0,15,29,33,18,5409,29,5409,116,5086,116,109,0,0,0,0,15,47,52,37,8097,47,8097,171,7594,171,160,0,0,0,0,15,50,57,42,9347,50,9347,187,8748,187,175,0,0,0,0,15,33,39,24,6316,33,6316,134,5821,134,123,0,0,0,0,15,39,42,27,7023,39,7023,132,6360,132,120,0,0,0,0,15,67,69,54,11360,67,11360,232,10891,232,219,0,0,0,0,15,43,46,31,7645,43,7645,151,7085,151,140,0,0,0,0,15,50,53,38,8598,50,8598,177,8345,177,169,0,0,0,0,7,0,-7,6,0,-6,5,0,-5,6,0,-6,7,0,-7,8,0,-8,5,0,-5,7,0,-7,7,0,-7,8,0,-8,4,0,-4,7,0,-7,9,0,-9,8,0,-8,5,0,-5,6,0,-6,810917,2069,1477,48609,37567,1477,0,75776,98,0,0,36,60,33,52,57,39,42,69,46,53,5173,9354,5086,7594,8748,5821,6360,10891,7085,8345,103,159,109,160,175,123,120,219,140,169,0,,,,,,
76,3,3,3,3,0,0,0,3,3,83,1245,3,3,83,1245,3,3,3,3,3,6,,1,1,1,0,15,31,36,21,5952,31,5952,125,5460,125,116,0,0,0,0,15,39,45,30,7466,39,7466,122,7008,122,115,0,0,0,0,15,18,24,9,3758,18,3758,81,3420,81,76,0,0,0,0,15,78,82,67,12969,78,12969,266,12173,266,248,0,0,0,0,15,21,25,10,4177,21,4177,65,3924,65,60,0,0,0,0,15,41,47,32,7537,41,7537,157,6799,157,143,0,0,0,0,15,30,34,19,5709,30,5709,110,5487,110,104,0,0,0,0,15,24,29,14,4501,24,4501,80,4255,80,74,0,0,0,0,15,36,41,26,6445,36,6445,137,5787,137,124,0,0,0,0,15,31,37,22,6204,31,6204,102,5897,102,96,0,0,0,0,3,0,-3,7,0,-7,5,0,-5,5,0,-5,6,0,-6,4,0,-4,5,0,-5,5,0,-5,4,0,-4,5,0,-5,6,0,-6,5,0,-5,6,0,-6,6,0,-6,6,0,-6,5,0,-5,857567,1639,1156,39011,30250,1156,0,61824,89,0,0,36,45,24,82,25,47,34,29,41,37,5460,7008,3420,12173,3924,6799,5487,4255,5787,5897,116,115,76,248,60,143,104,74,124,96,0,,,,,,
77,2,2,7,7,0,0,0,7,7,89,1335,7,7,89,1335,7,7,7,7,7,5,,1,1,1,0,15,30,33,18,5696,30,5696,128,5134,128,118,0,0,0,0,15,37,46,31,7215,37,7215,142,7058,142,135,0,0,0,0,15,35,38,23,6288,35,6288,144,5935,144,133,0,0,0,0,15,27,29,14,5119,27,5119,106,4597,106,93,0,0,0,0,15,31,34,19,6128,31,6128,119,5866,119,113,0,0,0,0,15,30,33,18,5969,30,5969,123,5313,123,109,0,0,0,0,15,30,38,23,5783,30,5783,109,5329,109,100,0,0,0,0,15,57,56,41,9648,57,9648,193,9143,193,184,0,0,0,0,15,23,29,14,4539,23,4539,101,4239,101,93,0,0,0,0,15,50,52,37,9047,50,9047,170,8317,170,155,0,0,0,0,7,0,-7,6,0,-6,3,0,-3,5,0,-5,6,0,-6,7,0,-7,7,0,-7,7,0,-7,6,0,-6,4,0,-4,5,0,-5,6,0,-6,6,0,-6,3,0,-3,5,0,-5,6,0,-6,792858,1708,1233,38857,29753,1233,0,60800,72,0,0,33,46,38,29,34,33,38,56,29,52,5134,7058,5935,4597,5866,5313,5329,9143,4239,8317,118,135,133,93,113,109,100,184,93,155,0,,,,,,
78,9,8,1,1,0,0,0,1,1,90,1350,1,1,90,1350,1,1,1,1,1,0,,1,1,1,0,15,22,28,13,4733,22,4733,89,4440,89,85,0,0,0,0,15,60,65,50,10746,60,10746,174,10286,174,166,0,0,0,0,15,23,31,16,4669,23,4669,89,4247,89,81,0,0,0,0,15,44,51,36,8195,44,8195,152,7476,152,139,0,0,0,0,15,36,42,27,7030,36,7030,119,6592,119,112,0,0,0,0,15,40,45,30,7328,40,7328,136,6724,136,125,0,0,0,0,15,33,35,20,6163,33,6163,107,5708,107,99,0,0,0,0,15,44,50,35,8011,44,8011,158,7526,158,148,0,0,0,0,15,47,52,37,8493,47,8493,165,7884,165,154,0,0,0,0,15,45,53,38,8316,45,8316,161,7862,161,151,0,0,0,0,6,0,-6,6,0,-6,4,0,-4,4,0,-4,7,0,-7,7,0,-7,6,0,-6,4,0,-4,6,0,-6,4,0,-4,7,0,-7,5,0,-5,6,0,-6,5,0,-5,6,0,-6,7,0,-7,811591,1801,1260,42782,33146,1260,0,69248,75,0,0,28,65,31,51,42,45,35,50,52,53,4440,10286,4247,7476,6592,6724,5708,7526,7884,7862,85,166,81,139,112,125,99,148,154,151,0,,,,,,
79,7,7,7,7,0,0,0,7,7,171,2565,7,7,171,2565,7,7,7,7,7,2,,1,1,1,0,15,72,77,62,11744,72,11744,271,11100,271,260,0,0,0,0,15,68,75,60,12128,68,12128,228,11567,228,217,0,0,0,0,15,56,63,48,9987,56,9987,202,9440,202,191,0,0,0,0,15,61,66,51,10803,61,10803,232,9830,232,213,0,0,0,0,15,72,77,62,13241,72,13241,264,12614,264,252,0,0,0,0,15,70,73,58,12119,70,12119,252,11084,252,230,0,0,0,0,15,61,70,55,11087,61,11087,203,10251,203,189,0,0,0,0,15,103,110,95,17165,103,17165,371,16408,371,354,0,0,0,0,15,61,65,50,10592,61,10592,229,9804,229,213,0,0,0,0,15,91,99,84,16194,91,16194,313,15082,313,290,0,0,0,0,10,0,-10,11,0,-11,11,0,-11,10,0,-10,9,0,-9,10,0,-10,9,0,-9,10,0,-10,12,0,-12,12,0,-12,12,0,-12,11,0,-11,9,0,-9,11,0,-11,12,0,-12,12,0,-12,839523,3354,2409,74805,56919,2409,0,120960,141,0,0,77,75,63,66,77,73,70,110,65,99,11100,11567,9440,9830,12614,11084,10251,16408,9804,15082,260,217,191,213,252,230,189,354,213,290,0,,,,,,
80,7,9,9,9,0,0,0,9,9,92,1380,9,9,92,1380,9,9,9,9,9,6,,1,1,1,0,15,34,37,22,6003,34,6003,133,5626,133,125,0,0,0,0,15,22,29,14,4761,22,4761,84,4489,84,79,0,0,0,0,15,16,18,3,3758,16,3758,70,3465,70,65,0,0,0,0,15,38,43,28,6992,38,6992,140,6197,140,125,0,0,0,0,15,54,59,44,9761,54,9761,184,9410,184,175,0,0,0,0,15,42,47,32,7839,42,7839,162,7282,162,153,0,0,0,0,15,33,36,21,6499,33,6499,119,5995,119,111,0,0,0,0,15,55,60,45,9522,55,9522,179,9325,179,174,0,0,0,0,15,19,25,10,4086,19,4086,82,3790,82,78,0,0,0,0,15,65,73,58,11523,65,11523,227,10782,227,210,0,0,0,0,8,0,-8,2,0,-2,8,0,-8,9,0,-9,8,0,-8,1,0,-1,6,0,-6,7,0,-7,5,0,-5,2,0,-2,7,0,-7,7,0,-7,6,0,-6,2,0,-2,6,0,-6,8,0,-8,787408,1814,1295,41983,32302,1295,0,66432,85,0,0,37,29,18,43,59,47,36,60,25,73,5626,4489,3465,6197,9410,7282,5995,9325,3790,10782,125,79,65,125,175,153,111,174,78,210,0,,,,,,
81,6,6,6,6,0,0,0,6,6,119,1785,6,6,119,1785,6,6,6,6,6,6,,1,1,1,0,15,57,62,47,9845,57,9845,208,9152,208,195,0,0,0,0,15,41,42,27,7393,41,7393,127,6865,127,118,0,0,0,0,15,53,62,47,9279,53,9279,188,8585,188,175,0,0,0,0,15,49,52,37,8813,49,8813,174,8121,174,158,0,0,0,0,15,59,67,52,10660,59,10660,187,10192,187,179,0,0,0,0,15,50,56,41,8881,50,8881,173,8471,173,164,0,0,0,0,15,74,84,69,12591,74,12591,252,11564,252,233,0,0,0,0,15,47,53,38,8894,47,8894,152,8457,152,144,0,0,0,0,15,35,39,24,6678,35,6678,132,6170,132,123,0,0,0,0,15,63,64,49,10851,63,10851,192,10267,192,180,0,0,0,0,9,0,-9,8,0,-8,7,0,-7,9,0,-9,8,0,-8,8,0,-8,6,0,-6,7,0,-7,7,0,-7,8,0,-8,6,0,-6,7,0,-7,8,0,-8,7,0,-7,8,0,-8,6,0,-6,791708,2369,1669,54936,42272,1669,0,89600,116,0,0,62,42,62,52,67,56,84,53,39,64,9152,6865,8585,8121,10192,8471,11564,8457,6170,10267,195,118,175,158,179,164,233,144,123,180,0,,,,,,
82,2,2,2,2,0,0,0,2,2,147,2205,2,2,147,2205,2,2,2,2,2,3,,1,1,1,0,15,63,68,53,11071,63,11071,263,10218,263,245,0,0,0,0,15,49,55,40,9200,49,9200,174,8868,174,165,0,0,0,0,15,95,98,83,15444,95,15444,360,14575,360,339,0,0,0,0,15,62,69,54,11348,62,11348,239,10630,239,225,0,0,0,0,15,63,64,49,11285,63,11285,197,10569,197,183,0,0,0,0,15,43,49,34,8217,43,8217,178,7893,178,167,0,0,0,0,15,63,67,52,11443,63,11443,226,10503,226,210,0,0,0,0,15,57,62,47,10017,57,10017,184,9710,184,178,0,0,0,0,15,58,63,48,10433,58,10433,224,9590,224,207,0,0,0,0,15,51,60,45,9722,51,9722,160,9332,160,152,0,0,0,0,9,0,-9,9,0,-9,9,0,-9,8,0,-8,9,0,-9,10,0,-10,7,0,-7,9,0,-9,10,0,-10,10,0,-10,9,0,-9,11,0,-11,12,0,-12,8,0,-8,8,0,-8,9,0,-9,797785,2873,2071,65170,49856,2071,0,102656,134,0,0,68,55,98,69,64,49,67,62,63,60,10218,8868,14575,10630,10569,7893,10503,9710,9590,9332,245,165,339,225,183,167,210,178,207,152,0,,,,,,
83,7,7,7,7,0,0,0,7,7,82,1230,7,7,82,1230,7,7,7,7,7,5,,1,1,1,0,15,27,32,17,5173,27,5173,114,4785,114,107,0,0,0,0,15,16,20,5,3951,16,3951,66,3888,66,63,0,0,0,0,15,15,22,7,3477,15,3477,67,3110,67,60,0,0,0,0,15,33,43,28,6588,33,6588,131,5944,131,120,0,0,0,0,15,44,48,33,8133,44,8133,157,7854,157,151,0,0,0,0,15,29,34,19,5840,29,5840,118,5293,118,109,0,0,0,0,15,22,31,16,4981,22,4981,88,4619,88,82,0,0,0,0,15,62,66,51,10542,62,10542,199,10294,199,193,0,0,0,0,15,19,27,12,4241,19,4241,84,3795,84,78,0,0,0,0,15,60,64,49,10317,60,10317,206,9529,206,189,0,0,0,0,5,0,-5,5,0,-5,8,0,-8,8,0,-8,4,0,-4,4,0,-4,6,0,-6,6,0,-6,4,0,-4,2,0,-2,5,0,-5,5,0,-5,3,0,-3,4,0,-4,7,0,-7,6,0,-6,792014,1621,1152,38910,30254,1152,0,60032,78,0,0,32,20,22,43,48,34,31,66,27,64,4785,3888,3110,5944,7854,5293,4619,10294,3795,9529,107,63,60,120,151,109,82,193,78,189,0,,,,,,
84,8,8,8,8,0,0,0,4,8,135,2025,4,8,135,2025,4,4,4,4,4,2,,1,0,0,0,15,57,62,47,9867,57,9867,230,8978,230,215,0,0,0,0,15,59,64,49,10645,59,10645,175,10029,175,164,0,0,0,0,15,42,47,32,8008,42,8008,156,7549,156,148,0,0,0,0,15,59,65,50,10876,59,10876,212,10365,212,200,0,0,0,0,15,65,72,57,11879,65,11879,225,11196,225,211,0,0,0,0,15,63,67,52,10885,63,10885,255,9734,255,233,0,0,0,0,15,44,48,33,8037,44,8037,143,7363,143,132,0,0,0,0,15,46,49,34,8528,46,8528,161,8290,161,155,0,0,0,0,15,66,71,56,11355,66,11355,251,10632,251,232,0,0,0,0,15,63,67,52,10740,63,10740,217,10275,217,204,0,0,0,0,7,0,-7,9,0,-9,5,0,-5,7,0,-7,10,0,-10,12,0,-12,11,0,-11,8,0,-8,9,0,-9,9,0,-9,10,0,-10,7,0,-7,8,0,-8,7,0,-7,8,0,-8,8,0,-8,834915,2641,1894,60952,46865,1894,0,95616,131,0,0,62,64,47,65,72,67,48,49,71,67,8978,10029,7549,10365,11196,9734,7363,8290,10632,10275,215,164,148,200,211,233,132,155,232,204,0,,,,,,
85,4,4,4,4,0,0,0,4,4,155,2325,4,4,155,2325,4,4,4,4,4,4,,1,1,1,0,15,64,70,55,10819,64,10819,251,9720,251,230,0,0,0,0,15,48,52,37,8709,48,8709,131,8410,131,126,0,0,0,0,15,43,49,34,8119,43,8119,164,7690,164,153,0,0,0,0,15,71,76,61,12545,71,12545,245,11417,245,225,0,0,0,0,15,100,103,88,17116,100,17116,334,16354,334,314,0,0,0,0,15,67,73,58,11525,67,11525,244,10457,244,224,0,0,0,0,15,62,69,54,10942,62,10942,218,9959,218,200,0,0,0,0,15,64,71,56,11117,64,11117,220,10847,220,213,0,0,0,0,15,66,74,59,11757,66,11757,231,10875,231,216,0,0,0,0,15,83,86,71,14326,83,14326,287,13497,287,268,0,0,0,0,10,0,-10,11,0,-11,11,0,-11,10,0,-10,8,0,-8,11,0,-11,11,0,-11,7,0,-7,8,0,-8,9,0,-9,10,0,-10,9,0,-9,11,0,-11,11,0,-11,9,0,-9,9,0,-9,815598,3047,2169,73961,57693,2169,0,112384,156,0,0,70,52,49,76,103,73,69,71,74,86,9720,8410,7690,11417,16354,10457,9959,10847,10875,13497,230,126,153,225,314,224,200,213,216,268,0,,,,,,
86,7,7,7,7,0,0,0,7,7,116,1740,7,7,116,1740,7,7,7,7,7,4,,1,1,1,0,15,39,43,28,7131,39,7131,131,6725,131,126,0,0,0,0,15,65,71,56,11452,65,11452,190,10952,190,183,0,0,0,0,15,39,41,26,6776,39,6776,136,6400,136,128,0,0,0,0,15,51,55,40,8826,51,8826,172,7879,172,156,0,0,0,0,15,49,58,43,9412,49,9412,162,8999,162,156,0,0,0,0,15,43,47,32,7744,43,7744,149,7178,149,138,0,0,0,0,15,34,39,24,6855,34,6855,111,6362,111,103,0,0,0,0,15,87,92,77,14623,87,14623,292,14054,292,278,0,0,0,0,15,47,50,35,8236,47,8236,167,7415,167,154,0,0,0,0,15,69,76,61,11944,69,11944,230,11256,230,216,0,0,0,0,7,0,-7,7,0,-7,8,0,-8,7,0,-7,7,0,-7,7,0,-7,7,0,-7,7,0,-7,6,0,-6,11,0,-11,7,0,-7,6,0,-6,7,0,-7,8,0,-8,8,0,-8,6,0,-6,792462,2326,1638,54063,41629,1638,0,88064,102,0,0,43,71,41,55,58,47,39,92,50,76,6725,10952,6400,7879,8999,7178,6362,14054,7415,11256,126,183,128,156,156,138,103,278,154,216,0,,,,,,
87,3,3,3,3,0,0,0,3,3,126,1890,3,3,126,1890,3,3,3,3,3,4,,1,1,1,0,15,55,62,47,9699,55,9699,213,8863,213,197,0,0,0,0,15,43,47,32,8197,43,8197,137,7685,137,128,0,0,0,0,15,32,37,22,6201,32,6201,132,5809,132,127,0,0,0,0,15,75,78,63,12455,75,12455,280,11294,280,257,0,0,0,0,15,48,52,37,8945,48,8945,181,8410,181,168,0,0,0,0,15,61,67,52,10488,61,10488,230,9532,230,210,0,0,0,0,15,57,63,48,9708,57,9708,213,8957,213,196,0,0,0,0,15,47,52,37,8527,47,8527,162,8271,162,155,0,0,0,0,15,41,48,33,7966,41,7966,162,7212,162,150,0,0,0,0,15,53,58,43,9851,53,9851,180,9241,180,167,0,0,0,0,10,0,-10,5,0,-5,6,0,-6,7,0,-7,9,0,-9,10,0,-10,7,0,-7,7,0,-7,7,0,-7,9,0,-9,8,0,-8,9,0,-9,6,0,-6,7,0,-7,9,0,-9,10,0,-10,849107,2445,1755,58907,45866,1755,0,88320,135,0,0,62,47,37,78,52,67,63,52,48,58,8863,7685,5809,11294,8410,9532,8957,8271,7212,9241,197,128,127,257,168,210,196,155,150,167,0,,,,,,
88,6,6,6,6,0,0,0,6,6,125,1875,6,6,125,1875,6,6,6,6,6,2,,1,1,1,0,15,54,57,42,9195,54,9195,225,8580,225,210,0,0,0,0,15,36,39,24,6692,36,6692,130,6536,130,127,0,0,0,0,15,57,63,48,10554,57,10554,232,10072,232,221,0,0,0,0,15,38,43,28,7159,38,7159,153,6647,153,142,0,0,0,0,15,65,68,53,11470,65,11470,228,10933,228,213,0,0,0,0,15,35,41,26,7066,35,7066,141,6613,141,133,0,0,0,0,15,71,77,62,11947,71,11947,278,10936,278,256,0,0,0,0,15,52,57,42,9113,52,9113,172,8720,172,162,0,0,0,0,15,30,36,21,6176,30,6176,127,5533,127,115,0,0,0,0,15,55,62,47,10045,55,10045,189,9657,189,179,0,0,0,0,8,0,-8,8,0,-8,8,0,-8,9,0,-9,10,0,-10,7,0,-7,8,0,-8,9,0,-9,10,0,-10,6,0,-6,7,0,-7,9,0,-9,8,0,-8,6,0,-6,5,0,-5,7,0,-7,847315,2426,1758,57969,45046,1758,0,85504,117,0,0,57,39,63,43,68,41,77,57,36,62,8580,6536,10072,6647,10933,6613,10936,8720,5533,9657,210,127,221,142,213,133,256,162,115,179,0,,,,,,
89,1,1,1,1,0,0,0,1,1,77,1155,1,1,77,1155,1,1,1,1,1,3,,1,1,1,0,15,20,27,12,4453,20,4453,82,4208,82,79,0,0,0,0,15,76,83,68,12679,76,12679,211,12127,211,200,0,0,0,0,15,32,38,23,5796,32,5796,119,5571,119,113,0,0,0,0,15,44,48,33,7724,44,7724,144,7121,144,132,0,0,0,0,15,23,29,14,4743,23,4743,76,4451,76,71,0,0,0,0,15,22,25,10,4457,22,4457,82,4026,82,75,0,0,0,0,15,26,34,19,5417,26,5417,93,5111,93,88,0,0,0,0,15,31,33,18,5554,31,5554,101,5410,101,98,0,0,0,0,15,40,46,31,7355,40,7355,143,6841,143,132,0,0,0,0,15,32,35,20,5751,32,5751,104,5603,104,100,0,0,0,0,4,0,-4,4,0,-4,5,0,-5,5,0,-5,5,0,-5,4,0,-4,7,0,-7,4,0,-4,6,0,-6,4,0,-4,5,0,-5,4,0,-4,5,0,-5,4,0,-4,6,0,-6,5,0,-5,807374,1563,1088,38292,29925,1088,0,60800,67,0,0,27,83,38,48,29,25,34,33,46,35,4208,12127,5571,7121,4451,4026,5111,5410,6841,5603,79,200,113,132,71,75,88,98,132,100,0,,,,,,
90,3,3,3,3,0,0,0,3,3,120,1800,3,3,120,1800,3,3,3,3,3,3,,1,1,1,0,15,63,68,53,10654,63,10654,236,9733,236,221,0,0,0,0,15,38,39,24,7657,38,7657,122,7313,122,115,0,0,0,0,15,37,43,28,6676,37,6676,145,6321,145,139,0,0,0,0,15,90,98,83,15029,90,15029,326,13808,326,302,0,0,0,0,15,32,37,22,6516,32,6516,110,6219,110,104,0,0,0,0,15,57,61,46,9899,57,9899,212,9106,212,193,0,0,0,0,15,38,42,27,6976,38,6976,143,6562,143,133,0,0,0,0,15,44,51,36,8473,44,8473,157,7975,157,148,0,0,0,0,15,59,64,49,10277,59,10277,212,9562,212,199,0,0,0,0,15,40,46,31,7578,40,7578,137,7131,137,128,0,0,0,0,8,0,-8,11,0,-11,10,0,-10,7,0,-7,8,0,-8,8,0,-8,6,0,-6,7,0,-7,8,0,-8,7,0,-7,5,0,-5,5,0,-5,7,0,-7,8,0,-8,7,0,-7,8,0,-8,848596,2351,1682,55744,43200,1682,0,85632,118,0,0,68,39,43,98,37,61,42,51,64,46,9733,7313,6321,13808,6219,9106,6562,7975,9562,7131,221,115,139,302,104,193,133,148,199,128,0,,,,,,
91,6,6,6,6,0,0,0,6,6,106,1590,6,6,106,1590,6,6,6,6,6,1,,1,1,1,0,15,39,45,30,7210,39,7210,149,6788,149,140,0,0,0,0,15,42,47,32,7500,42,7500,134,7111,134,127,0,0,0,0,15,46,50,35,8126,46,8126,159,7673,159,150,0,0,0,0,15,37,43,28,6997,37,6997,139,6405,139,127,0,0,0,0,15,55,58,43,10009,55,10009,180,9336,180,167,0,0,0,0,15,39,49,34,7416,39,7416,139,6999,139,130,0,0,0,0,15,76,80,65,12638,76,12638,260,11794,260,245,0,0,0,0,15,30,35,20,5498,30,5498,100,5365,100,97,0,0,0,0,15,44,51,36,8024,44,8024,161,7584,161,152,0,0,0,0,15,53,59,44,9547,53,9547,169,9199,169,161,0,0,0,0,7,0,-7,9,0,-9,5,0,-5,6,0,-6,9,0,-9,7,0,-7,6,0,-6,7,0,-7,8,0,-8,7,0,-7,5,0,-5,7,0,-7,7,0,-7,6,0,-6,5,0,-5,5,0,-5,807005,2119,1496,49728,38404,1496,0,79744,94,0,0,45,47,50,43,58,49,80,35,51,59,6788,7111,7673,6405,9336,6999,11794,5365,7584,9199,140,127,150,127,167,130,245,97,152,161,0,,,,,,
92,9,8,8,8,0,0,0,1,4,73,1095,1,4,73,1095,4,1,4,4,4,3,,0,1,1,0,15,31,34,19,5376,31,5376,111,5286,111,109,0,0,0,0,15,39,45,30,7253,39,7253,120,6948,120,114,0,0,0,0,15,21,24,9,3906,21,3906,77,3640,77,72,0,0,0,0,15,23,25,10,4547,23,4547,78,4150,78,72,0,0,0,0,15,40,47,32,7245,40,7245,130,6849,130,123,0,0,0,0,15,32,36,21,5990,32,5990,115,5753,115,109,0,0,0,0,15,27,33,18,5233,27,5233,93,4916,93,87,0,0,0,0,15,33,36,21,5781,33,5781,113,5500,113,106,0,0,0,0,15,36,41,26,6352,36,6352,133,6001,133,126,0,0,0,0,15,38,40,25,6726,38,6726,125,6506,125,120,0,0,0,0,6,0,-6,5,0,-5,4,0,-4,3,0,-3,6,0,-6,3,0,-3,5,0,-5,4,0,-4,5,0,-5,4,0,-4,4,0,-4,4,0,-4,5,0,-5,5,0,-5,5,0,-5,5,0,-5,793833,1472,1038,35154,27287,1038,0,55552,57,0,0,34,45,24,25,47,36,33,36,41,40,5286,6948,3640,4150,6849,5753,4916,5500,6001,6506,109,114,72,72,123,109,87,106,126,120,0,,,,,,
93,3,3,3,3,0,0,0,3,3,158,2370,3,3,158,2370,3,3,3,3,3,3,,1,1,1,0,15,66,71,56,11575,66,11575,239,10639,239,223,0,0,0,0,15,71,76,61,12751,71,12751,203,11944,203,191,0,0,0,0,15,51,57,42,8912,51,8912,186,8268,186,175,0,0,0,0,15,107,117,102,17663,107,17663,369,16162,369,340,0,0,0,0,15,54,59,44,10326,54,10326,175,9710,175,164,0,0,0,0,15,80,84,69,13617,80,13617,276,12599,276,254,0,0,0,0,15,61,64,49,10831,61,10831,199,10142,199,186,0,0,0,0,15,79,83,68,13720,79,13720,252,13247,252,241,0,0,0,0,15,66,72,57,11496,66,11496,235,10577,235,219,0,0,0,0,15,77,83,68,13579,77,13579,236,12843,236,221,0,0,0,0,11,0,-11,9,0,-9,10,0,-10,10,0,-10,10,0,-10,8,0,-8,9,0,-9,9,0,-9,10,0,-10,10,0,-10,9,0,-9,10,0,-10,11,0,-11,10,0,-10,10,0,-10,12,0,-12,951683,3138,2214,72578,55806,2214,0,118272,156,0,0,71,76,57,117,59,84,64,83,72,83,10639,11944,8268,16162,9710,12599,10142,13247,10577,12843,223,191,175,340,164,254,186,241,219,221,0,,,,,,
94,1,1,1,1,0,0,0,1,1,98,1470,1,1,98,1470,1,1,1,1,1,2,,1,1,1,0,15,30,33,18,5457,30,5457,107,5212,107,103,0,0,0,0,15,64,69,54,11130,64,11130,180,10529,180,171,0,0,0,0,15,33,39,24,6340,33,6340,125,5927,125,120,0,0,0,0,15,63,65,50,10685,63,10685,210,9782,210,192,0,0,0,0,15,32,38,23,6248,32,6248,108,5669,108,99,0,0,0,0,15,44,47,32,7590,44,7590,152,7286,152,145,0,0,0,0,15,40,47,32,7528,40,7528,142,7121,142,134,0,0,0,0,15,43,47,32,7843,43,7843,139,7475,139,131,0,0,0,0,15,43,50,35,7470,43,7470,158,6862,158,146,0,0,0,0,15,43,52,37,8146,43,8146,149,7803,149,142,0,0,0,0,6,0,-6,6,0,-6,7,0,-7,6,0,-6,6,0,-6,5,0,-5,7,0,-7,5,0,-5,4,0,-4,6,0,-6,8,0,-8,7,0,-7,6,0,-6,6,0,-6,7,0,-7,6,0,-6,846757,1968,1383,46794,36271,1383,0,74880,87,0,0,33,69,39,65,38,47,47,47,50,52,5212,10529,5927,9782,5669,7286,7121,7475,6862,7803,103,171,120,192,99,145,134,131,146,142,0,,,,,,
95,4,4,4,4,0,0,0,4,4,174,2610,4,4,174,2610,4,4,4,4,4,5,,1,1,1,0,15,84,88,73,14041,84,14041,292,12932,292,273,0,0,0,0,15,77,81,66,13259,77,13259,207,12797,207,200,0,0,0,0,15,60,61,46,10598,60,10598,213,9885,213,199,0,0,0,0,15,73,78,63,12826,73,12826,239,11575,239,214,0,0,0,0,15,102,107,92,17544,102,17544,340,16612,340,319,0,0,0,0,15,72,77,62,12920,72,12920,257,11814,257,236,0,0,0,0,15,79,85,70,13634,79,13634,270,12372,270,247,0,0,0,0,15,74,86,71,13611,74,13611,238,13070,238,226,0,0,0,0,15,68,72,57,12064,68,12064,240,11084,240,219,0,0,0,0,15,95,101,86,16415,95,16415,314,15668,314,296,0,0,0,0,10,0,-10,9,0,-9,11,0,-11,11,0,-11,11,0,-11,13,0,-13,12,0,-12,13,0,-13,12,0,-12,10,0,-10,11,0,-11,11,0,-11,9,0,-9,10,0,-10,11,0,-11,10,0,-10,820719,3438,2429,80715,62342,2429,0,129152,166,0,0,88,81,61,78,107,77,85,86,72,101,12932,12797,9885,11575,16612,11814,12372,13070,11084,15668,273,200,199,214,319,236,247,226,219,296,0,,,,,,
96,1,5,8,8,0,0,0,3,3,54,810,3,3,54,810,3,3,3,3,3,3,,1,1,1,0,15,14,21,6,3015,14,3015,64,2783,64,60,0,0,0,0,15,28,32,17,5070,28,5070,78,4771,78,74,0,0,0,0,15,12,17,2,2737,12,2737,55,2518,55,53,0,0,0,0,15,32,39,24,6211,32,6211,123,5590,123,111,0,0,0,0,15,17,20,5,3292,17,3292,61,3049,61,57,0,0,0,0,15,24,27,12,4489,24,4489,96,4268,96,92,0,0,0,0,15,16,22,7,3577,16,3577,64,3483,64,61,0,0,0,0,15,23,25,10,4523,23,4523,80,4291,80,75,0,0,0,0,15,23,28,13,4139,23,4139,92,3813,92,85,0,0,0,0,15,29,32,17,5328,29,5328,97,5067,97,92,0,0,0,0,2,0,-2,3,0,-3,4,0,-4,3,0,-3,2,0,-2,3,0,-3,5,0,-5,4,0,-4,3,0,-3,3,0,-3,5,0,-5,4,0,-4,3,0,-3,4,0,-4,4,0,-4,2,0,-2,764459,1077,760,26703,20947,760,0,40576,50,0,0,21,32,17,39,20,27,22,25,28,32,2783,4771,2518,5590,3049,4268,3483,4291,3813,5067,60,74,53,111,57,92,61,75,85,92,0,,,,,,
97,7,8,1,1,0,0,0,1,1,131,1965,1,1,131,1965,1,1,1,1,1,8,,1,1,1,0,15,37,43,28,7435,37,7435,149,6912,149,141,0,0,0,0,15,81,85,70,13923,81,13923,238,13308,238,228,0,0,0,0,15,35,42,27,6854,35,6854,130,6529,130,124,0,0,0,0,15,68,73,58,11727,68,11727,231,10708,231,212,0,0,0,0,15,49,54,39,9252,49,9252,177,8545,177,164,0,0,0,0,15,52,58,43,9651,52,9651,193,8760,193,174,0,0,0,0,15,49,52,37,8866,49,8866,183,8020,183,164,0,0,0,0,15,68,74,59,12027,68,12027,238,11363,238,223,0,0,0,0,15,61,65,50,10374,61,10374,208,9349,208,190,0,0,0,0,15,64,69,54,11172,64,11172,218,10431,218,203,0,0,0,0,7,0,-7,11,0,-11,9,0,-9,8,0,-8,8,0,-8,8,0,-8,9,0,-9,9,0,-9,8,0,-8,6,0,-6,7,0,-7,7,0,-7,6,0,-6,10,0,-10,10,0,-10,8,0,-8,842670,2568,1823,59647,45931,1823,0,95360,127,0,0,43,85,42,73,54,58,52,74,65,69,6912,13308,6529,10708,8545,8760,8020,11363,9349,10431,141,228,124,212,164,174,164,223,190,203,0,,,,,,
98,6,6,6,6,0,0,0,6,6,107,1605,6,6,107,1605,0,0,0,0,0,2,,0,0,0,0,15,57,64,49,10002,57,10002,220,9223,220,204,0,0,0,0,15,36,41,26,6815,36,6815,129,6529,129,122,0,0,0,0,15,58,61,46,9655,58,9655,202,8933,202,188,0,0,0,0,15,38,43,28,7189,38,7189,138,6632,138,128,0,0,0,0,15,49,54,39,8959,49,8959,161,8579,161,153,0,0,0,0,15,52,58,43,9111,52,9111,199,8368,199,184,0,0,0,0,15,58,64,49,10016,58,10016,208,9175,208,193,0,0,0,0,15,29,32,17,5741,29,5741,92,5399,92,86,0,0,0,0,15,31,32,17,5537,31,5537,118,5167,118,112,0,0,0,0,15,42,42,27,7567,42,7567,138,7248,138,131,0,0,0,0,8,0,-8,6,0,-6,8,0,-8,7,0,-7,6,0,-6,6,0,-6,6,0,-6,7,0,-7,6,0,-6,4,0,-4,8,0,-8,6,0,-6,9,0,-9,6,0,-6,7,0,-7,7,0,-7,795581,2099,1501,48985,37785,1501,0,76544,104,0,0,64,41,61,43,54,58,64,32,32,42,9223,6529,8933,6632,8579,8368,9175,5399,5167,7248,204,122,188,128,153,184,193,86,112,131,0,,,,,,
99,9,9,9,9,0,0,0,9,9,136,2040,9,9,136,2040,9,9,9,9,9,3,,1,1,1,0,15,56,58,43,9399,56,9399,216,8417,216,197,0,0,0,0,15,44,49,34,8271,44,8271,137,7787,137,128,0,0,0,0,15,42,43,28,7823,42,7823,154,7169,154,139,0,0,0,0,15,58,62,47,10386,58,10386,208,9381,208,189,0,0,0,0,15,80,88,73,14311,80,14311,273,13557,273,257,0,0,0,0,15,44,51,36,9044,44,9044,168,8406,168,159,0,0,0,0,15,48,54,39,9047,48,9047,171,8237,171,157,0,0,0,0,15,67,72,57,11785,67,11785,217,11323,217,209,0,0,0,0,15,57,61,46,9744,57,9744,198,8975,198,183,0,0,0,0,15,85,95,80,14648,85,14648,298,13797,298,279,0,0,0,0,7,0,-7,8,0,-8,9,0,-9,10,0,-10,9,0,-9,7,0,-7,9,0,-9,9,0,-9,9,0,-9,9,0,-9,9,0,-9,8,0,-8,8,0,-8,9,0,-9,9,0,-9,7,0,-7,857703,2665,1897,66228,51999,1897,0,98304,128,0,0,58,49,43,62,88,51,54,72,61,95,8417,7787,7169,9381,13557,8406,8237,11323,8975,13797,197,128,139,189,257,159,157,209,183,279,0,,,,,,
